date,DE_50hertz_load_actual_entsoe_transparency,DE_amprion_load_actual_entsoe_transparency,DE_tennet_load_actual_entsoe_transparency,DE_transnetbw_load_actual_entsoe_transparency,AT_load_actual_entsoe_transparency,NL_load_actual_entsoe_transparency,OT
2015-09-08 00:00:00,7414.0,16406.0,13109.0,5230.0,5119.0,7969.0,42159.0
2015-09-08 01:00:00,7609.0,16553.0,13147.0,5233.0,5077.0,7862.0,42542.0
2015-09-08 02:00:00,7971.0,17086.0,13513.0,5361.0,5199.0,7914.0,43931.0
2015-09-08 03:00:00,8830.0,18254.0,14801.0,5962.0,5671.0,8346.0,47846.0
2015-09-08 04:00:00,10171.0,21328.0,17415.0,7073.0,6765.0,9666.0,55987.0
2015-09-08 05:00:00,10812.0,22898.0,19164.0,7993.0,7651.0,11381.0,60867.0
2015-09-08 06:00:00,10966.0,23933.0,20106.0,8492.0,8005.0,12626.0,63497.0
2015-09-08 07:00:00,10939.0,23874.0,20345.0,8695.0,7934.0,13135.0,63854.0
2015-09-08 08:00:00,10976.0,24219.0,20713.0,9026.0,8201.0,13155.0,64935.0
2015-09-08 09:00:00,11380.0,24970.0,21087.0,9289.0,8537.0,13217.0,66726.0
2015-09-08 10:00:00,11353.0,25270.0,20742.0,9116.0,8121.0,13101.0,66480.0
2015-09-08 11:00:00,11028.0,25436.0,20521.0,9154.0,8103.0,13139.0,66140.0
2015-09-08 12:00:00,10955.0,24873.0,20111.0,8874.0,7894.0,13042.0,64814.0
2015-09-08 13:00:00,10647.0,24352.0,19675.0,8452.0,7733.0,12926.0,63126.0
2015-09-08 14:00:00,10513.0,23563.0,19133.0,8142.0,7610.0,12875.0,61352.0
2015-09-08 15:00:00,10777.0,23334.0,19059.0,7979.0,7678.0,12884.0,61149.0
2015-09-08 16:00:00,10878.0,23297.0,19035.0,7746.0,7635.0,12289.0,60957.0
2015-09-08 17:00:00,11121.0,23438.0,19066.0,7669.0,7669.0,12040.0,61293.0
2015-09-08 18:00:00,11039.0,23473.0,19207.0,7827.0,7556.0,12336.0,61545.0
2015-09-08 19:00:00,10089.0,22081.0,17913.0,7425.0,7041.0,11942.0,57508.0
2015-09-08 20:00:00,9313.0,20288.0,16576.0,6788.0,6551.0,10803.0,52965.0
2015-09-08 21:00:00,8604.0,18603.0,14997.0,6223.0,6055.0,9852.0,48427.0
2015-09-08 22:00:00,8031.0,17343.0,14039.0,5747.0,5635.0,8892.0,45160.0
2015-09-08 23:00:00,7705.0,16620.0,13435.0,5415.0,5303.0,8250.0,43176.0
2015-09-09 00:00:00,7460.0,16265.0,13106.0,5233.0,5181.0,7999.0,42064.0
2015-09-09 01:00:00,7518.0,16389.0,13171.0,5273.0,5036.0,7877.0,42352.0
2015-09-09 02:00:00,7876.0,16825.0,13579.0,5458.0,5184.0,7919.0,43737.0
2015-09-09 03:00:00,8664.0,18246.0,14906.0,6005.0,5789.0,8320.0,47821.0
2015-09-09 04:00:00,9830.0,21188.0,17513.0,7135.0,6845.0,9584.0,55667.0
2015-09-09 05:00:00,10589.0,22786.0,19246.0,7933.0,7698.0,11240.0,60554.0
2015-09-09 06:00:00,10930.0,23642.0,20151.0,8366.0,8056.0,12490.0,63088.0
2015-09-09 07:00:00,10898.0,23996.0,20352.0,8593.0,6574.0,12865.0,63839.0
2015-09-09 08:00:00,11030.0,24538.0,20707.0,8875.0,6619.0,12815.0,65151.0
2015-09-09 09:00:00,11501.0,25102.0,21079.0,9308.0,7320.0,12756.0,66990.0
2015-09-09 10:00:00,11113.0,24927.0,20873.0,9223.0,7201.0,12569.0,66137.0
2015-09-09 11:00:00,10974.0,24424.0,20560.0,9124.0,6286.0,12630.0,65082.0
2015-09-09 12:00:00,10810.0,23776.0,20115.0,8841.0,6306.0,12545.0,63542.0
2015-09-09 13:00:00,10545.0,23332.0,19667.0,8554.0,6428.0,12458.0,62098.0
2015-09-09 14:00:00,10398.0,22948.0,19167.0,8245.0,7624.0,12454.0,60758.0
2015-09-09 15:00:00,10463.0,22769.0,19053.0,7934.0,7669.0,12617.0,60218.0
2015-09-09 16:00:00,10748.0,22627.0,19050.0,7709.0,7605.0,12052.0,60134.0
2015-09-09 17:00:00,10887.0,22539.0,19017.0,7611.0,7610.0,11764.0,60054.0
2015-09-09 18:00:00,10930.0,22508.0,19156.0,7744.0,7304.0,12157.0,60337.0
2015-09-09 19:00:00,10093.0,21386.0,17917.0,7357.0,6838.0,11868.0,56752.0
2015-09-09 20:00:00,9183.0,19926.0,16556.0,6765.0,6521.0,10813.0,52429.0
2015-09-09 21:00:00,8473.0,18584.0,14948.0,6147.0,6038.0,9855.0,48152.0
2015-09-09 22:00:00,7981.0,17456.0,13975.0,5681.0,5619.0,8882.0,45093.0
2015-09-09 23:00:00,7785.0,16908.0,13398.0,5373.0,5233.0,8271.0,43464.0
2015-09-10 00:00:00,7519.0,16824.0,13036.0,5205.0,5152.0,8000.0,42583.0
2015-09-10 01:00:00,7591.0,16855.0,13089.0,5165.0,5071.0,7926.0,42700.0
2015-09-10 02:00:00,7950.0,17325.0,13470.0,5327.0,5179.0,7945.0,44071.0
2015-09-10 03:00:00,8651.0,18444.0,14764.0,5855.0,5847.0,8351.0,47714.0
2015-09-10 04:00:00,9864.0,21394.0,17398.0,7009.0,6768.0,9683.0,55664.0
2015-09-10 05:00:00,10672.0,22973.0,19085.0,7834.0,7533.0,11266.0,60564.0
2015-09-10 06:00:00,11111.0,23829.0,20023.0,8317.0,7670.0,12459.0,63280.0
2015-09-10 07:00:00,10933.0,24053.0,20186.0,8601.0,7495.0,12826.0,63774.0
2015-09-10 08:00:00,10790.0,24532.0,20558.0,8899.0,7120.0,12741.0,64779.0
2015-09-10 09:00:00,10940.0,24715.0,20838.0,9167.0,7152.0,12672.0,65660.0
2015-09-10 10:00:00,11085.0,24538.0,20543.0,9043.0,6642.0,12402.0,65210.0
2015-09-10 11:00:00,10919.0,24376.0,20336.0,9051.0,6316.0,12470.0,64682.0
2015-09-10 12:00:00,10756.0,23909.0,19946.0,8900.0,6199.0,12421.0,63512.0
2015-09-10 13:00:00,10900.0,23590.0,19550.0,8558.0,6463.0,12375.0,62599.0
2015-09-10 14:00:00,10595.0,23221.0,19066.0,8121.0,6535.0,12412.0,61004.0
2015-09-10 15:00:00,10640.0,22840.0,19005.0,7824.0,6876.0,12607.0,60309.0
2015-09-10 16:00:00,10900.0,22827.0,18988.0,7658.0,7502.0,12222.0,60374.0
2015-09-10 17:00:00,11196.0,23458.0,19156.0,7645.0,7781.0,12008.0,61455.0
2015-09-10 18:00:00,11460.0,23276.0,19335.0,7787.0,7427.0,12396.0,61857.0
2015-09-10 19:00:00,10393.0,21617.0,18075.0,7384.0,6776.0,11894.0,57468.0
2015-09-10 20:00:00,9438.0,20071.0,16738.0,6825.0,6429.0,10818.0,53072.0
2015-09-10 21:00:00,8701.0,18432.0,15213.0,6264.0,6106.0,9874.0,48609.0
2015-09-10 22:00:00,8108.0,17460.0,14134.0,5795.0,5817.0,8959.0,45497.0
2015-09-10 23:00:00,7933.0,16791.0,13526.0,5453.0,5501.0,8309.0,43703.0
2015-09-11 00:00:00,7655.0,16446.0,13155.0,5298.0,5386.0,8007.0,42554.0
2015-09-11 01:00:00,7621.0,16626.0,13168.0,5323.0,5236.0,7878.0,42739.0
2015-09-11 02:00:00,7895.0,17001.0,13574.0,5476.0,5376.0,7912.0,43947.0
2015-09-11 03:00:00,8637.0,18208.0,14853.0,5984.0,6019.0,8323.0,47682.0
2015-09-11 04:00:00,9865.0,21271.0,17452.0,7107.0,6873.0,9622.0,55695.0
2015-09-11 05:00:00,10941.0,22880.0,19155.0,7890.0,7735.0,11184.0,60865.0
2015-09-11 06:00:00,11501.0,23736.0,19988.0,8370.0,7655.0,12395.0,63595.0
2015-09-11 07:00:00,11544.0,23942.0,20250.0,8607.0,6977.0,12791.0,64343.0
2015-09-11 08:00:00,11756.0,24323.0,20635.0,8897.0,6632.0,12704.0,65611.0
2015-09-11 09:00:00,11571.0,24664.0,20904.0,9110.0,6600.0,12587.0,66248.0
2015-09-11 10:00:00,11356.0,24489.0,20463.0,9019.0,6369.0,12322.0,65327.0
2015-09-11 11:00:00,11044.0,24218.0,20041.0,8644.0,6120.0,12308.0,63947.0
2015-09-11 12:00:00,10889.0,23672.0,19515.0,8577.0,6080.0,12200.0,62653.0
2015-09-11 13:00:00,10740.0,23567.0,19114.0,8129.0,5942.0,12090.0,61550.0
2015-09-11 14:00:00,10606.0,23026.0,18690.0,7793.0,6411.0,12079.0,60114.0
2015-09-11 15:00:00,10584.0,22883.0,18688.0,7574.0,7066.0,12244.0,59729.0
2015-09-11 16:00:00,10623.0,22884.0,18552.0,7391.0,7316.0,11840.0,59450.0
2015-09-11 17:00:00,10860.0,22686.0,18479.0,7357.0,7339.0,11522.0,59381.0
2015-09-11 18:00:00,10723.0,22907.0,18397.0,7433.0,6996.0,11881.0,59460.0
2015-09-11 19:00:00,9612.0,21719.0,17165.0,6980.0,6254.0,11338.0,55476.0
2015-09-11 20:00:00,8883.0,20215.0,16039.0,6456.0,5654.0,10408.0,51593.0
2015-09-11 21:00:00,8145.0,18771.0,14667.0,5945.0,5167.0,9700.0,47528.0
2015-09-11 22:00:00,7483.0,17212.0,13529.0,5555.0,4907.0,8802.0,43778.0
2015-09-11 23:00:00,7122.0,16709.0,12877.0,5179.0,4483.0,8092.0,41887.0
2015-09-12 00:00:00,6990.0,16167.0,12544.0,4948.0,4484.0,7715.0,40649.0
2015-09-12 01:00:00,7231.0,16062.0,12368.0,4883.0,4339.0,7528.0,40544.0
2015-09-12 02:00:00,7295.0,15894.0,12408.0,4844.0,4532.0,7484.0,40441.0
2015-09-12 03:00:00,7404.0,16019.0,12708.0,4941.0,4767.0,7580.0,41071.0
2015-09-12 04:00:00,7668.0,16867.0,13476.0,5252.0,5249.0,8027.0,43264.0
2015-09-12 05:00:00,8336.0,17981.0,14381.0,5585.0,5718.0,8578.0,46284.0
2015-09-12 06:00:00,9033.0,19458.0,15548.0,6050.0,6122.0,9500.0,50089.0
2015-09-12 07:00:00,9398.0,20430.0,16518.0,6358.0,6367.0,10436.0,52705.0
2015-09-12 08:00:00,9700.0,20953.0,17023.0,6742.0,6064.0,10762.0,54418.0
2015-09-12 09:00:00,9701.0,21460.0,17401.0,7058.0,6253.0,10724.0,55620.0
2015-09-12 10:00:00,9404.0,21105.0,17108.0,6921.0,6007.0,10495.0,54537.0
2015-09-12 11:00:00,8823.0,20288.0,16583.0,6614.0,6034.0,10350.0,52309.0
2015-09-12 12:00:00,8814.0,20470.0,15974.0,6371.0,5678.0,10293.0,51630.0
2015-09-12 13:00:00,8908.0,20528.0,15577.0,6261.0,5675.0,10250.0,51274.0
2015-09-12 14:00:00,8679.0,19902.0,15479.0,6154.0,5706.0,10417.0,50214.0
2015-09-12 15:00:00,8874.0,20104.0,15646.0,5970.0,5722.0,10775.0,50594.0
2015-09-12 16:00:00,9200.0,19852.0,15980.0,5976.0,5956.0,10758.0,51008.0
2015-09-12 17:00:00,9188.0,20081.0,16188.0,6026.0,5956.0,10592.0,51482.0
2015-09-12 18:00:00,9552.0,19756.0,16183.0,6055.0,5869.0,10816.0,51546.0
2015-09-12 19:00:00,8950.0,18757.0,15168.0,5755.0,5124.0,10316.0,48630.0
2015-09-12 20:00:00,8476.0,17754.0,14265.0,5477.0,5017.0,9732.0,45972.0
2015-09-12 21:00:00,7601.0,16701.0,13164.0,5071.0,4681.0,8995.0,42538.0
2015-09-12 22:00:00,7127.0,15619.0,12073.0,4657.0,4432.0,8271.0,39475.0
2015-09-12 23:00:00,6840.0,14818.0,11456.0,4302.0,4073.0,7710.0,37416.0
2015-09-13 00:00:00,6529.0,14444.0,11143.0,4130.0,4490.0,7422.0,36245.0
2015-09-13 01:00:00,6408.0,14420.0,10962.0,4034.0,4376.0,7240.0,35825.0
2015-09-13 02:00:00,6526.0,14314.0,10954.0,4024.0,4368.0,7172.0,35818.0
2015-09-13 03:00:00,6587.0,14480.0,11145.0,4057.0,4507.0,7206.0,36269.0
2015-09-13 04:00:00,6724.0,14947.0,11385.0,4201.0,4777.0,7374.0,37256.0
2015-09-13 05:00:00,7143.0,15300.0,11914.0,4307.0,5202.0,7524.0,38663.0
2015-09-13 06:00:00,7879.0,16534.0,13067.0,4687.0,5587.0,8164.0,42168.0
2015-09-13 07:00:00,8291.0,17823.0,14071.0,5163.0,5783.0,8707.0,45348.0
2015-09-13 08:00:00,8549.0,18803.0,14872.0,5493.0,5906.0,9078.0,47718.0
2015-09-13 09:00:00,9326.0,19526.0,15544.0,5854.0,5837.0,9287.0,50251.0
2015-09-13 10:00:00,8909.0,19850.0,15366.0,6101.0,5570.0,9408.0,50227.0
2015-09-13 11:00:00,8087.0,19361.0,14755.0,5740.0,5286.0,9320.0,47944.0
2015-09-13 12:00:00,8336.0,18997.0,14233.0,5522.0,5128.0,9171.0,47088.0
2015-09-13 13:00:00,8447.0,18379.0,13980.0,5263.0,5225.0,9185.0,46070.0
2015-09-13 14:00:00,8276.0,18176.0,14014.0,5243.0,5402.0,9508.0,45709.0
2015-09-13 15:00:00,8469.0,18323.0,14575.0,5226.0,5740.0,10277.0,46593.0
2015-09-13 16:00:00,8854.0,18651.0,15205.0,5439.0,6149.0,10545.0,48149.0
2015-09-13 17:00:00,9059.0,18896.0,15614.0,5652.0,6350.0,10572.0,49220.0
2015-09-13 18:00:00,8971.0,19585.0,15929.0,6016.0,6624.0,10927.0,50501.0
2015-09-13 19:00:00,8578.0,18942.0,15206.0,5859.0,6088.0,10494.0,48585.0
2015-09-13 20:00:00,8383.0,18278.0,14733.0,5769.0,5978.0,9808.0,47163.0
2015-09-13 21:00:00,7951.0,16805.0,13579.0,5455.0,5758.0,8932.0,43789.0
2015-09-13 22:00:00,7566.0,16143.0,12806.0,5044.0,5133.0,8412.0,41559.0
2015-09-13 23:00:00,7214.0,15657.0,12429.0,4733.0,4927.0,7940.0,40032.0
2015-09-14 00:00:00,7085.0,15365.0,12196.0,4620.0,4918.0,7773.0,39266.0
2015-09-14 01:00:00,7165.0,15675.0,12193.0,4713.0,4798.0,7690.0,39745.0
2015-09-14 02:00:00,7593.0,16164.0,12696.0,5002.0,5040.0,7793.0,41454.0
2015-09-14 03:00:00,8503.0,17747.0,14241.0,5654.0,5803.0,8254.0,46145.0
2015-09-14 04:00:00,9877.0,21461.0,17243.0,7121.0,6543.0,9708.0,55701.0
2015-09-14 05:00:00,10572.0,23251.0,19298.0,8123.0,7816.0,11608.0,61244.0
2015-09-14 06:00:00,10973.0,24091.0,20550.0,8646.0,8265.0,12887.0,64260.0
2015-09-14 07:00:00,10992.0,24344.0,20995.0,8712.0,8358.0,13378.0,65043.0
2015-09-14 08:00:00,11296.0,24723.0,21460.0,8727.0,8182.0,13492.0,66206.0
2015-09-14 09:00:00,11739.0,24604.0,21827.0,8875.0,8445.0,13592.0,67045.0
2015-09-14 10:00:00,11703.0,24502.0,21605.0,9063.0,8299.0,13376.0,66873.0
2015-09-14 11:00:00,11478.0,24275.0,21312.0,9220.0,8229.0,13366.0,66285.0
2015-09-14 12:00:00,11313.0,24086.0,20768.0,8626.0,8084.0,13266.0,64793.0
2015-09-14 13:00:00,11204.0,24022.0,20418.0,8734.0,7666.0,13252.0,64378.0
2015-09-14 14:00:00,10657.0,23635.0,19893.0,8316.0,7445.0,13332.0,62500.0
2015-09-14 15:00:00,10683.0,23566.0,19835.0,8134.0,7537.0,13395.0,62218.0
2015-09-14 16:00:00,10895.0,23350.0,19716.0,7971.0,7646.0,12782.0,61932.0
2015-09-14 17:00:00,11222.0,23558.0,19864.0,8025.0,7302.0,12573.0,62669.0
2015-09-14 18:00:00,11154.0,23441.0,19610.0,8052.0,6489.0,12806.0,62257.0
2015-09-14 19:00:00,10511.0,22166.0,18235.0,7520.0,5562.0,12105.0,58431.0
2015-09-14 20:00:00,9517.0,20615.0,16839.0,6803.0,4879.0,10966.0,53774.0
2015-09-14 21:00:00,8745.0,19282.0,15361.0,6236.0,4201.0,10010.0,49625.0
2015-09-14 22:00:00,7898.0,18312.0,14333.0,5731.0,4658.0,8856.0,46274.0
2015-09-14 23:00:00,7865.0,17788.0,13797.0,5437.0,4477.0,8213.0,44886.0
2015-09-15 00:00:00,7611.0,17377.0,13521.0,5290.0,4400.0,7922.0,43801.0
2015-09-15 01:00:00,7639.0,17591.0,13572.0,5314.0,4285.0,7829.0,44115.0
2015-09-15 02:00:00,8055.0,18032.0,13928.0,5485.0,4348.0,7884.0,45499.0
2015-09-15 03:00:00,8798.0,19304.0,15280.0,6050.0,4845.0,8311.0,49432.0
2015-09-15 04:00:00,10190.0,22601.0,18116.0,7387.0,5481.0,9716.0,58295.0
2015-09-15 05:00:00,10900.0,24180.0,19754.0,8269.0,6031.0,11447.0,63102.0
2015-09-15 06:00:00,11244.0,25489.0,20561.0,8771.0,6444.0,12645.0,66064.0
2015-09-15 07:00:00,11541.0,25991.0,20761.0,8815.0,6231.0,13122.0,67107.0
2015-09-15 08:00:00,11380.0,26027.0,21121.0,9049.0,5905.0,13141.0,67577.0
2015-09-15 09:00:00,11500.0,26153.0,21639.0,9400.0,6089.0,13051.0,68692.0
2015-09-15 10:00:00,11814.0,26338.0,21371.0,9106.0,6095.0,12808.0,68629.0
2015-09-15 11:00:00,11794.0,26016.0,21091.0,8870.0,6095.0,12956.0,67771.0
2015-09-15 12:00:00,11882.0,25421.0,20638.0,9131.0,6026.0,13166.0,67072.0
2015-09-15 13:00:00,11845.0,24794.0,20067.0,9104.0,6152.0,13282.0,65809.0
2015-09-15 14:00:00,11619.0,24374.0,19585.0,8528.0,6049.0,13264.0,64106.0
2015-09-15 15:00:00,11266.0,23828.0,19624.0,8170.0,6011.0,13240.0,62888.0
2015-09-15 16:00:00,11150.0,23625.0,19660.0,7722.0,5986.0,12677.0,62156.0
2015-09-15 17:00:00,11622.0,23764.0,19930.0,7996.0,6149.0,12551.0,63313.0
2015-09-15 18:00:00,11119.0,23870.0,19621.0,8090.0,5722.0,12665.0,62701.0
2015-09-15 19:00:00,10290.0,22393.0,18286.0,7602.0,4824.0,11957.0,58572.0
2015-09-15 20:00:00,9528.0,20374.0,16850.0,6903.0,4620.0,10880.0,53655.0
2015-09-15 21:00:00,8766.0,18979.0,15212.0,6306.0,5098.0,9936.0,49263.0
2015-09-15 22:00:00,8060.0,17943.0,14202.0,5806.0,5635.0,9137.0,46010.0
2015-09-15 23:00:00,7747.0,17289.0,13539.0,5541.0,5315.0,8466.0,44116.0
2015-09-16 00:00:00,7569.0,17073.0,13125.0,5353.0,5204.0,8149.0,43120.0
2015-09-16 01:00:00,7685.0,17004.0,13218.0,5394.0,5205.0,8051.0,43302.0
2015-09-16 02:00:00,7981.0,17336.0,13700.0,5539.0,5162.0,8088.0,44557.0
2015-09-16 03:00:00,8677.0,18710.0,15048.0,6137.0,6007.0,8502.0,48571.0
2015-09-16 04:00:00,10231.0,21750.0,18023.0,7486.0,6832.0,9882.0,57491.0
2015-09-16 05:00:00,10803.0,23648.0,19775.0,8387.0,7424.0,11825.0,62613.0
2015-09-16 06:00:00,11023.0,24369.0,20653.0,8815.0,7339.0,13183.0,64861.0
2015-09-16 07:00:00,11215.0,24405.0,20883.0,8897.0,7305.0,13829.0,65400.0
2015-09-16 08:00:00,11444.0,25237.0,21301.0,9230.0,7272.0,14014.0,67211.0
2015-09-16 09:00:00,11168.0,25997.0,21749.0,9400.0,7346.0,14056.0,68313.0
2015-09-16 10:00:00,11305.0,25858.0,21639.0,9251.0,6703.0,13892.0,68053.0
2015-09-16 11:00:00,11896.0,25731.0,21398.0,9181.0,6604.0,13965.0,68205.0
2015-09-16 12:00:00,11319.0,24922.0,20954.0,8805.0,6237.0,14012.0,66000.0
2015-09-16 13:00:00,11459.0,24781.0,20564.0,8784.0,6374.0,13971.0,65587.0
2015-09-16 14:00:00,11231.0,24312.0,20146.0,8240.0,6868.0,13890.0,63929.0
2015-09-16 15:00:00,11216.0,24570.0,20118.0,8472.0,7145.0,13998.0,64376.0
2015-09-16 16:00:00,11319.0,24774.0,20033.0,8097.0,7112.0,13351.0,64223.0
2015-09-16 17:00:00,11809.0,24496.0,20300.0,8211.0,6409.0,12954.0,64816.0
2015-09-16 18:00:00,11131.0,23640.0,19940.0,8221.0,5946.0,13095.0,62932.0
2015-09-16 19:00:00,10615.0,22428.0,18591.0,7679.0,6324.0,12354.0,59314.0
2015-09-16 20:00:00,9723.0,20605.0,17423.0,7012.0,5710.0,11259.0,54762.0
2015-09-16 21:00:00,9203.0,19105.0,15842.0,6355.0,4896.0,10288.0,50505.0
2015-09-16 22:00:00,8528.0,18399.0,14644.0,5838.0,4551.0,9026.0,47410.0
2015-09-16 23:00:00,8095.0,17538.0,14049.0,5500.0,4312.0,8357.0,45181.0
2015-09-17 00:00:00,7827.0,17048.0,13751.0,5310.0,4139.0,8074.0,43936.0
2015-09-17 01:00:00,7980.0,17028.0,13705.0,5309.0,4046.0,7984.0,44023.0
2015-09-17 02:00:00,8256.0,17644.0,14110.0,5389.0,4137.0,8057.0,45399.0
2015-09-17 03:00:00,9067.0,19249.0,15501.0,5954.0,4847.0,8486.0,49770.0
2015-09-17 04:00:00,10475.0,22485.0,18351.0,7313.0,5568.0,9858.0,58625.0
2015-09-17 05:00:00,11476.0,24304.0,20039.0,8162.0,5693.0,11730.0,63980.0
2015-09-17 06:00:00,11812.0,25334.0,20960.0,8622.0,6322.0,13036.0,66729.0
2015-09-17 07:00:00,11540.0,25973.0,21284.0,8851.0,6329.0,13654.0,67648.0
2015-09-17 08:00:00,11391.0,26363.0,21774.0,9258.0,6413.0,13808.0,68785.0
2015-09-17 09:00:00,11973.0,26744.0,22174.0,9630.0,6600.0,13983.0,70520.0
2015-09-17 10:00:00,12243.0,26687.0,22000.0,9295.0,6382.0,13845.0,70225.0
2015-09-17 11:00:00,12220.0,26413.0,21595.0,9250.0,6380.0,13857.0,69479.0
2015-09-17 12:00:00,7751.0,25513.0,21102.0,8922.0,6241.0,13816.0,63288.0
2015-09-17 13:00:00,11617.0,24829.0,20671.0,8714.0,6234.0,13648.0,65831.0
2015-09-17 14:00:00,11163.0,24020.0,20171.0,8583.0,6221.0,13589.0,63938.0
2015-09-17 15:00:00,11311.0,23707.0,20361.0,8142.0,5981.0,13492.0,63521.0
2015-09-17 16:00:00,11320.0,23869.0,20458.0,7785.0,6283.0,12833.0,63432.0
2015-09-17 17:00:00,12019.0,24064.0,20533.0,8033.0,6368.0,12558.0,64649.0
2015-09-17 18:00:00,11483.0,23520.0,19913.0,8139.0,6306.0,12903.0,63054.0
2015-09-17 19:00:00,10561.0,21995.0,18458.0,7629.0,6527.0,12130.0,58644.0
2015-09-17 20:00:00,9735.0,20286.0,17114.0,6988.0,6392.0,11004.0,54123.0
2015-09-17 21:00:00,8950.0,18625.0,15571.0,6349.0,5937.0,10020.0,49495.0
2015-09-17 22:00:00,8407.0,17787.0,14518.0,5872.0,5668.0,9260.0,46585.0
2015-09-17 23:00:00,8079.0,17044.0,13869.0,5477.0,5382.0,8588.0,44470.0
2015-09-18 00:00:00,7764.0,16807.0,13546.0,5311.0,5251.0,8287.0,43429.0
2015-09-18 01:00:00,7808.0,16834.0,13527.0,5341.0,5013.0,8161.0,43510.0
2015-09-18 02:00:00,7948.0,17219.0,13900.0,5504.0,5045.0,8207.0,44570.0
2015-09-18 03:00:00,8850.0,18463.0,15180.0,6059.0,5494.0,8612.0,48552.0
2015-09-18 04:00:00,10272.0,21680.0,18069.0,7313.0,6099.0,9957.0,57334.0
2015-09-18 05:00:00,11000.0,23453.0,19748.0,8161.0,6797.0,11646.0,62361.0
2015-09-18 06:00:00,11260.0,24417.0,20537.0,8484.0,7000.0,12878.0,64698.0
2015-09-18 07:00:00,11085.0,24865.0,20759.0,8452.0,6956.0,13364.0,65161.0
2015-09-18 08:00:00,11433.0,25371.0,21024.0,8786.0,7070.0,13291.0,66615.0
2015-09-18 09:00:00,11377.0,25478.0,21194.0,9096.0,6827.0,13175.0,67145.0
2015-09-18 10:00:00,11306.0,25163.0,20806.0,9056.0,6220.0,12929.0,66332.0
2015-09-18 11:00:00,11396.0,24672.0,20265.0,8825.0,6093.0,13057.0,65158.0
2015-09-18 12:00:00,11236.0,23893.0,19641.0,8490.0,6474.0,13015.0,63260.0
2015-09-18 13:00:00,10937.0,23284.0,19209.0,8425.0,6512.0,12877.0,61854.0
2015-09-18 14:00:00,10684.0,22923.0,18908.0,8141.0,6688.0,12719.0,60657.0
2015-09-18 15:00:00,10592.0,22728.0,18927.0,7706.0,7430.0,12869.0,59951.0
2015-09-18 16:00:00,10617.0,22712.0,18908.0,7487.0,7213.0,12510.0,59726.0
2015-09-18 17:00:00,10982.0,22659.0,19127.0,7573.0,7281.0,12357.0,60341.0
2015-09-18 18:00:00,10740.0,22464.0,18683.0,7591.0,7223.0,12606.0,59480.0
2015-09-18 19:00:00,9802.0,20974.0,17299.0,7089.0,6873.0,11757.0,55166.0
2015-09-18 20:00:00,9102.0,19496.0,16034.0,6512.0,6459.0,10785.0,51144.0
2015-09-18 21:00:00,8420.0,18082.0,14683.0,5998.0,5970.0,9988.0,47183.0
2015-09-18 22:00:00,7836.0,16692.0,13573.0,5505.0,5595.0,8914.0,43606.0
2015-09-18 23:00:00,7421.0,16199.0,13075.0,5175.0,5231.0,8223.0,41869.0
2015-09-19 00:00:00,7227.0,15944.0,12661.0,4921.0,5114.0,7826.0,40753.0
2015-09-19 01:00:00,7135.0,15775.0,12516.0,4897.0,5042.0,7632.0,40324.0
2015-09-19 02:00:00,7259.0,15844.0,12572.0,4936.0,4814.0,7567.0,40610.0
2015-09-19 03:00:00,7458.0,16077.0,12926.0,4998.0,5500.0,7661.0,41459.0
2015-09-19 04:00:00,7738.0,16687.0,13742.0,5326.0,5904.0,8106.0,43493.0
2015-09-19 05:00:00,8275.0,17647.0,14554.0,5650.0,6273.0,8806.0,46127.0
2015-09-19 06:00:00,9075.0,19173.0,15767.0,6118.0,6537.0,9769.0,50132.0
2015-09-19 07:00:00,9470.0,20262.0,16688.0,6599.0,6606.0,10677.0,53019.0
2015-09-19 08:00:00,9757.0,20731.0,17158.0,6812.0,6264.0,10998.0,54458.0
2015-09-19 09:00:00,10127.0,21030.0,17393.0,7002.0,6145.0,10989.0,55552.0
2015-09-19 10:00:00,10049.0,21170.0,17126.0,6700.0,5789.0,10746.0,55045.0
2015-09-19 11:00:00,9759.0,20733.0,16586.0,6376.0,5728.0,10394.0,53455.0
2015-09-19 12:00:00,9502.0,19802.0,15971.0,6205.0,5680.0,10084.0,51481.0
2015-09-19 13:00:00,9063.0,19410.0,15635.0,6098.0,5712.0,9906.0,50207.0
2015-09-19 14:00:00,9104.0,19068.0,15468.0,5883.0,5494.0,10045.0,49522.0
2015-09-19 15:00:00,9138.0,19138.0,15763.0,5824.0,6287.0,10489.0,49863.0
2015-09-19 16:00:00,9391.0,19181.0,16074.0,5937.0,6686.0,10592.0,50583.0
2015-09-19 17:00:00,9812.0,19386.0,16421.0,6101.0,6704.0,10586.0,51720.0
2015-09-19 18:00:00,9417.0,19370.0,16089.0,6139.0,6434.0,10944.0,51016.0
2015-09-19 19:00:00,8562.0,18293.0,14982.0,5796.0,5765.0,10371.0,47633.0
2015-09-19 20:00:00,8050.0,17358.0,14257.0,5463.0,5672.0,9732.0,45128.0
2015-09-19 21:00:00,7410.0,16346.0,13100.0,5089.0,5367.0,8982.0,41944.0
2015-09-19 22:00:00,6913.0,15311.0,12026.0,4671.0,4698.0,8243.0,38922.0
2015-09-19 23:00:00,6555.0,14636.0,11443.0,4289.0,4859.0,7646.0,36923.0
2015-09-20 00:00:00,6344.0,14325.0,11168.0,4119.0,4841.0,7330.0,35956.0
2015-09-20 01:00:00,6317.0,14065.0,11061.0,4034.0,4545.0,7158.0,35477.0
2015-09-20 02:00:00,6277.0,14111.0,11053.0,4022.0,4562.0,7097.0,35464.0
2015-09-20 03:00:00,6469.0,14156.0,11344.0,4092.0,4497.0,7129.0,36061.0
2015-09-20 04:00:00,6632.0,14584.0,11683.0,4272.0,4679.0,7321.0,37171.0
2015-09-20 05:00:00,6994.0,14853.0,12226.0,4377.0,5164.0,7546.0,38450.0
2015-09-20 06:00:00,7823.0,16131.0,13267.0,4788.0,5467.0,8217.0,42009.0
2015-09-20 07:00:00,8443.0,17498.0,14278.0,5221.0,5787.0,8848.0,45440.0
2015-09-20 08:00:00,8608.0,18437.0,15126.0,5542.0,5998.0,9240.0,47714.0
2015-09-20 09:00:00,9243.0,19462.0,15816.0,5935.0,6143.0,9536.0,50456.0
2015-09-20 10:00:00,8944.0,19927.0,15563.0,6202.0,6052.0,9664.0,50636.0
2015-09-20 11:00:00,8440.0,19177.0,14973.0,5781.0,5692.0,9509.0,48371.0
2015-09-20 12:00:00,8543.0,18378.0,14572.0,5363.0,5525.0,9223.0,46856.0
2015-09-20 13:00:00,8502.0,18061.0,14260.0,5164.0,5242.0,9084.0,45987.0
2015-09-20 14:00:00,8380.0,17819.0,14277.0,5137.0,5650.0,9273.0,45612.0
2015-09-20 15:00:00,8851.0,18210.0,14883.0,5339.0,6125.0,9961.0,47282.0
2015-09-20 16:00:00,8999.0,18688.0,15448.0,5569.0,6429.0,10259.0,48705.0
2015-09-20 17:00:00,9288.0,18976.0,15996.0,5836.0,6694.0,10422.0,50096.0
2015-09-20 18:00:00,9168.0,19072.0,15933.0,6070.0,6630.0,10989.0,50242.0
2015-09-20 19:00:00,8589.0,18272.0,15108.0,5882.0,6380.0,10428.0,47852.0
2015-09-20 20:00:00,8258.0,17616.0,14607.0,5787.0,6217.0,9694.0,46267.0
2015-09-20 21:00:00,7475.0,16419.0,13501.0,5442.0,5993.0,8772.0,42836.0
2015-09-20 22:00:00,7181.0,15431.0,12656.0,5110.0,5290.0,8000.0,40377.0
2015-09-20 23:00:00,6978.0,14910.0,12251.0,4811.0,4624.0,7540.0,38950.0
2015-09-21 00:00:00,6772.0,14761.0,12024.0,4700.0,4746.0,7399.0,38258.0
2015-09-21 01:00:00,6883.0,15045.0,12157.0,4780.0,4838.0,7329.0,38864.0
2015-09-21 02:00:00,7286.0,15835.0,12600.0,5080.0,4984.0,7424.0,40802.0
2015-09-21 03:00:00,8239.0,17376.0,14146.0,5748.0,5710.0,7935.0,45509.0
2015-09-21 04:00:00,9780.0,21062.0,17420.0,7320.0,6614.0,9420.0,55582.0
2015-09-21 05:00:00,10646.0,23434.0,19346.0,8220.0,7815.0,11376.0,61646.0
2015-09-21 06:00:00,11039.0,24318.0,20217.0,8551.0,7980.0,12574.0,64125.0
2015-09-21 07:00:00,10991.0,24582.0,20439.0,8684.0,7772.0,12991.0,64696.0
2015-09-21 08:00:00,10957.0,24977.0,20865.0,9002.0,7444.0,12868.0,65800.0
2015-09-21 09:00:00,11487.0,24952.0,21227.0,9297.0,6756.0,12887.0,66964.0
2015-09-21 10:00:00,715.0,24728.0,20955.0,9212.0,5733.0,12710.0,55611.0
2015-09-21 11:00:00,378.0,24513.0,20815.0,9131.0,6134.0,12834.0,54838.0
2015-09-21 12:00:00,481.0,24117.0,20351.0,8878.0,5803.0,12802.0,53827.0
2015-09-21 13:00:00,790.0,23454.0,19902.0,8550.0,6410.0,12810.0,52696.0
2015-09-21 14:00:00,1117.0,22750.0,19374.0,8164.0,6526.0,12916.0,51405.0
2015-09-21 15:00:00,1512.0,22568.0,19363.0,7890.0,7401.0,13074.0,51333.0
2015-09-21 16:00:00,1881.0,22830.0,19569.0,7862.0,7589.0,12577.0,52142.0
2015-09-21 17:00:00,1531.0,23409.0,20221.0,8110.0,7737.0,12766.0,53271.0
2015-09-21 18:00:00,2195.0,22784.0,19624.0,8086.0,7380.0,12746.0,52689.0
2015-09-21 19:00:00,1510.0,21236.0,18118.0,7599.0,6596.0,11873.0,48463.0
2015-09-21 20:00:00,2052.0,19362.0,16775.0,6940.0,6711.0,10764.0,45129.0
2015-09-21 21:00:00,2160.0,17981.0,15148.0,6343.0,5827.0,9780.0,41631.0
2015-09-21 22:00:00,2178.0,16974.0,14217.0,5839.0,5902.0,9128.0,39208.0
2015-09-21 23:00:00,1289.0,16486.0,13605.0,5489.0,5684.0,8477.0,36869.0
2015-09-22 00:00:00,1006.0,16455.0,13343.0,5314.0,5562.0,8223.0,36117.0
2015-09-22 01:00:00,550.0,16629.0,13351.0,5369.0,5375.0,8107.0,35900.0
2015-09-22 02:00:00,106.0,16930.0,13699.0,5568.0,5520.0,8156.0,36303.0
2015-09-22 03:00:00,966.0,18205.0,15095.0,6150.0,6244.0,8611.0,40416.0
2015-09-22 04:00:00,1007.0,21309.0,18034.0,7481.0,6877.0,10054.0,47831.0
2015-09-22 05:00:00,3163.0,23150.0,19839.0,8312.0,7308.0,11945.0,54464.0
2015-09-22 06:00:00,11777.0,24288.0,20605.0,8751.0,7377.0,13116.0,65421.0
2015-09-22 07:00:00,11523.0,24700.0,20811.0,8850.0,7497.0,13696.0,65885.0
2015-09-22 08:00:00,11475.0,24968.0,21109.0,9106.0,7202.0,13709.0,66658.0
2015-09-22 09:00:00,11626.0,25711.0,21516.0,9397.0,7184.0,13639.0,68251.0
2015-09-22 10:00:00,11606.0,25550.0,21230.0,9183.0,7230.0,13328.0,67568.0
2015-09-22 11:00:00,11226.0,25278.0,21009.0,9122.0,7130.0,13316.0,66635.0
2015-09-22 12:00:00,7770.0,24735.0,20657.0,9042.0,7103.0,13325.0,62204.0
2015-09-22 13:00:00,7155.0,23864.0,20403.0,8909.0,7212.0,13368.0,60331.0
2015-09-22 14:00:00,8464.0,23515.0,19986.0,8534.0,6960.0,13515.0,60499.0
2015-09-22 15:00:00,9068.0,23324.0,19992.0,8231.0,7072.0,13667.0,60615.0
2015-09-22 16:00:00,8753.0,23234.0,20058.0,8098.0,6830.0,13124.0,60142.0
2015-09-22 17:00:00,9252.0,23573.0,20458.0,8347.0,6833.0,13153.0,61631.0
2015-09-22 18:00:00,8459.0,23080.0,19677.0,8194.0,6572.0,13102.0,59409.0
2015-09-22 19:00:00,7188.0,21548.0,18131.0,7682.0,5992.0,12260.0,54550.0
2015-09-22 20:00:00,6421.0,19946.0,16858.0,7034.0,6432.0,11170.0,50258.0
2015-09-22 21:00:00,6067.0,18394.0,15221.0,6387.0,6156.0,10170.0,46069.0
2015-09-22 22:00:00,5437.0,17183.0,14149.0,5944.0,5788.0,8997.0,42713.0
2015-09-22 23:00:00,5124.0,16583.0,13596.0,5566.0,5736.0,8352.0,40869.0
2015-09-23 00:00:00,5003.0,16217.0,13257.0,5428.0,5681.0,8077.0,39905.0
2015-09-23 01:00:00,5464.0,16124.0,13315.0,5438.0,5509.0,7964.0,40341.0
2015-09-23 02:00:00,5933.0,16586.0,13757.0,5641.0,5691.0,8015.0,41917.0
2015-09-23 03:00:00,6951.0,17871.0,15060.0,6193.0,6157.0,8453.0,46075.0
2015-09-23 04:00:00,8392.0,20890.0,18001.0,7529.0,7028.0,9824.0,54813.0
2015-09-23 05:00:00,9440.0,23139.0,20023.0,8470.0,7395.0,11738.0,61072.0
2015-09-23 06:00:00,9649.0,24304.0,20872.0,8918.0,7712.0,12891.0,63743.0
2015-09-23 07:00:00,11315.0,24895.0,21055.0,8966.0,7876.0,13397.0,66230.0
2015-09-23 08:00:00,11500.0,25316.0,21494.0,9245.0,7903.0,13452.0,67556.0
2015-09-23 09:00:00,11655.0,25219.0,21750.0,9542.0,7744.0,13433.0,68166.0
2015-09-23 10:00:00,11380.0,24958.0,21515.0,9261.0,7769.0,13228.0,67114.0
2015-09-23 11:00:00,11139.0,24821.0,21198.0,9187.0,7664.0,13222.0,66344.0
2015-09-23 12:00:00,11278.0,24359.0,20731.0,9051.0,7646.0,13167.0,65418.0
2015-09-23 13:00:00,11371.0,23873.0,20297.0,8748.0,7491.0,13155.0,64289.0
2015-09-23 14:00:00,10754.0,23025.0,19747.0,8395.0,7388.0,13166.0,61922.0
2015-09-23 15:00:00,10847.0,22986.0,19783.0,8258.0,7329.0,13350.0,61873.0
2015-09-23 16:00:00,10903.0,23063.0,19896.0,8182.0,7274.0,12752.0,62043.0
2015-09-23 17:00:00,11472.0,23671.0,20447.0,8343.0,6940.0,12767.0,63933.0
2015-09-23 18:00:00,10999.0,23125.0,19683.0,8177.0,6770.0,12911.0,61985.0
2015-09-23 19:00:00,10019.0,21424.0,18067.0,7640.0,6558.0,12038.0,57150.0
2015-09-23 20:00:00,9258.0,19987.0,16839.0,7070.0,6294.0,10898.0,53155.0
2015-09-23 21:00:00,8486.0,18556.0,15184.0,6452.0,5937.0,9956.0,48678.0
2015-09-23 22:00:00,7943.0,17519.0,14164.0,5942.0,5568.0,9169.0,45568.0
2015-09-23 23:00:00,7676.0,16730.0,13625.0,5603.0,5211.0,8540.0,43634.0
2015-09-24 00:00:00,7438.0,16423.0,13323.0,5406.0,5137.0,8248.0,42590.0
2015-09-24 01:00:00,7612.0,16739.0,13324.0,5407.0,5008.0,8094.0,43081.0
2015-09-24 02:00:00,7984.0,17276.0,13764.0,5598.0,5029.0,8128.0,44621.0
2015-09-24 03:00:00,8774.0,18485.0,15068.0,6163.0,5484.0,8574.0,48490.0
2015-09-24 04:00:00,10128.0,21474.0,18129.0,7503.0,5914.0,10013.0,57234.0
2015-09-24 05:00:00,10889.0,23362.0,20001.0,8398.0,6070.0,11969.0,62650.0
2015-09-24 06:00:00,11182.0,24420.0,20818.0,8819.0,6237.0,13110.0,65239.0
2015-09-24 07:00:00,11075.0,24681.0,21032.0,8766.0,5841.0,13644.0,65554.0
2015-09-24 08:00:00,11165.0,25267.0,21478.0,9009.0,5924.0,13734.0,66919.0
2015-09-24 09:00:00,11800.0,26025.0,21688.0,9240.0,6083.0,13832.0,68753.0
2015-09-24 10:00:00,11472.0,25652.0,21381.0,9079.0,5004.0,13724.0,67584.0
2015-09-24 11:00:00,11065.0,24952.0,21132.0,8904.0,4922.0,13803.0,66053.0
2015-09-24 12:00:00,11117.0,24429.0,20609.0,8923.0,4012.0,13828.0,65078.0
2015-09-24 13:00:00,11149.0,24554.0,20178.0,8728.0,3769.0,13757.0,64609.0
2015-09-24 14:00:00,10751.0,23937.0,19754.0,8303.0,3950.0,13781.0,62744.0
2015-09-24 15:00:00,10479.0,23649.0,19785.0,8063.0,4764.0,13784.0,61976.0
2015-09-24 16:00:00,10553.0,23464.0,19861.0,7963.0,5097.0,13292.0,61841.0
2015-09-24 17:00:00,11264.0,23937.0,20401.0,8231.0,5032.0,13327.0,63833.0
2015-09-24 18:00:00,10813.0,23320.0,19744.0,8162.0,4659.0,13350.0,62039.0
2015-09-24 19:00:00,10149.0,21785.0,18214.0,7676.0,4873.0,12362.0,57822.0
2015-09-24 20:00:00,9387.0,20289.0,16995.0,7038.0,4905.0,11170.0,53709.0
2015-09-24 21:00:00,8665.0,18746.0,15345.0,6432.0,5194.0,10209.0,49188.0
2015-09-24 22:00:00,8057.0,17496.0,14370.0,5934.0,5269.0,8999.0,45857.0
2015-09-24 23:00:00,7743.0,16796.0,13820.0,5576.0,5161.0,8324.0,43935.0
2015-09-25 00:00:00,7612.0,16466.0,13503.0,5357.0,5057.0,8038.0,42939.0
2015-09-25 01:00:00,7713.0,16584.0,13529.0,5443.0,4892.0,7931.0,43268.0
2015-09-25 02:00:00,7932.0,17089.0,13890.0,5633.0,4848.0,7972.0,44544.0
2015-09-25 03:00:00,8757.0,18333.0,15167.0,6169.0,5532.0,8362.0,48427.0
2015-09-25 04:00:00,10095.0,21600.0,18034.0,7446.0,5888.0,9714.0,57175.0
2015-09-25 05:00:00,10909.0,23471.0,19751.0,8286.0,6515.0,11663.0,62418.0
2015-09-25 06:00:00,11130.0,24205.0,20607.0,8675.0,6685.0,12832.0,64617.0
2015-09-25 07:00:00,11084.0,24454.0,20744.0,8758.0,6987.0,13322.0,65041.0
2015-09-25 08:00:00,11074.0,25159.0,21038.0,8900.0,7569.0,13238.0,66171.0
2015-09-25 09:00:00,11517.0,25394.0,21112.0,9079.0,7542.0,13132.0,67101.0
2015-09-25 10:00:00,11614.0,25453.0,20786.0,8956.0,7202.0,12876.0,66809.0
2015-09-25 11:00:00,11018.0,25151.0,20242.0,8683.0,6841.0,12848.0,65095.0
2015-09-25 12:00:00,10791.0,24260.0,19632.0,8226.0,6873.0,12684.0,62909.0
2015-09-25 13:00:00,10585.0,23451.0,19234.0,8080.0,6938.0,12460.0,61350.0
2015-09-25 14:00:00,10484.0,23073.0,18946.0,7858.0,6701.0,12363.0,60360.0
2015-09-25 15:00:00,10452.0,22704.0,19038.0,7662.0,6798.0,12506.0,59855.0
2015-09-25 16:00:00,10593.0,22558.0,19111.0,7531.0,6948.0,12162.0,59792.0
2015-09-25 17:00:00,11184.0,23146.0,19644.0,7803.0,6565.0,12210.0,61778.0
2015-09-25 18:00:00,10744.0,22567.0,18844.0,7553.0,6172.0,12460.0,59708.0
2015-09-25 19:00:00,9710.0,21194.0,17413.0,7046.0,5761.0,11537.0,55362.0
2015-09-25 20:00:00,9036.0,19972.0,16358.0,6523.0,5603.0,10553.0,51889.0
2015-09-25 21:00:00,8403.0,18502.0,14918.0,5972.0,5591.0,9772.0,47795.0
2015-09-25 22:00:00,7680.0,17260.0,13800.0,5531.0,5707.0,9060.0,44270.0
2015-09-25 23:00:00,7303.0,16664.0,13136.0,5105.0,5182.0,8288.0,42208.0
2015-09-26 00:00:00,7113.0,16224.0,12817.0,4842.0,5004.0,7921.0,40996.0
2015-09-26 01:00:00,7002.0,16041.0,12616.0,4752.0,4740.0,7769.0,40410.0
2015-09-26 02:00:00,7089.0,16135.0,12731.0,4863.0,4934.0,7727.0,40817.0
2015-09-26 03:00:00,7230.0,16428.0,13043.0,4933.0,5161.0,7828.0,41634.0
2015-09-26 04:00:00,7646.0,17339.0,13856.0,5296.0,5364.0,8296.0,44136.0
2015-09-26 05:00:00,8158.0,18366.0,14894.0,5642.0,5546.0,9010.0,47060.0
2015-09-26 06:00:00,8900.0,19534.0,16097.0,6103.0,6173.0,9893.0,50633.0
2015-09-26 07:00:00,9057.0,20495.0,16951.0,6495.0,6218.0,10604.0,52998.0
2015-09-26 08:00:00,9244.0,21361.0,17426.0,6683.0,6664.0,10700.0,54713.0
2015-09-26 09:00:00,9875.0,21621.0,17555.0,6801.0,6838.0,10614.0,55853.0
2015-09-26 10:00:00,9855.0,21762.0,17182.0,6857.0,6616.0,10480.0,55656.0
2015-09-26 11:00:00,9522.0,21197.0,16593.0,6690.0,6514.0,10261.0,54002.0
2015-09-26 12:00:00,9115.0,20441.0,16020.0,6265.0,6336.0,10100.0,51841.0
2015-09-26 13:00:00,8697.0,19989.0,15763.0,6045.0,6295.0,9965.0,50494.0
2015-09-26 14:00:00,8635.0,19797.0,15726.0,5987.0,6080.0,10082.0,50145.0
2015-09-26 15:00:00,8768.0,19710.0,16127.0,5994.0,5949.0,10540.0,50599.0
2015-09-26 16:00:00,9076.0,19760.0,16617.0,6061.0,5688.0,10700.0,51514.0
2015-09-26 17:00:00,9540.0,20303.0,17109.0,6350.0,5659.0,10901.0,53303.0
2015-09-26 18:00:00,9023.0,19835.0,16469.0,6144.0,5728.0,11191.0,51472.0
2015-09-26 19:00:00,8333.0,18834.0,15304.0,5807.0,5643.0,10569.0,48278.0
2015-09-26 20:00:00,7795.0,18075.0,14575.0,5521.0,5620.0,9908.0,45967.0
2015-09-26 21:00:00,7310.0,16937.0,13356.0,5111.0,5177.0,9156.0,42714.0
2015-09-26 22:00:00,6734.0,15706.0,12366.0,4711.0,5041.0,8177.0,39517.0
2015-09-26 23:00:00,6397.0,14922.0,11719.0,4364.0,4864.0,7598.0,37401.0
2015-09-27 00:00:00,6157.0,14536.0,11376.0,4153.0,4762.0,7270.0,36222.0
2015-09-27 01:00:00,6196.0,14254.0,11214.0,4079.0,4634.0,7130.0,35743.0
2015-09-27 02:00:00,6260.0,14287.0,11250.0,4103.0,4571.0,7068.0,35900.0
2015-09-27 03:00:00,6345.0,14511.0,11416.0,4135.0,4802.0,7104.0,36408.0
2015-09-27 04:00:00,6429.0,14877.0,11775.0,4261.0,5080.0,7324.0,37342.0
2015-09-27 05:00:00,6954.0,14067.0,12389.0,4424.0,5256.0,7616.0,37834.0
2015-09-27 06:00:00,7644.0,11598.0,13490.0,4915.0,6024.0,8249.0,37647.0
2015-09-27 07:00:00,8197.0,14069.0,14497.0,5268.0,6364.0,8782.0,42031.0
2015-09-27 08:00:00,8586.0,18872.0,15133.0,5590.0,6224.0,8988.0,48182.0
2015-09-27 09:00:00,9395.0,19362.0,15765.0,6001.0,6622.0,9100.0,50524.0
2015-09-27 10:00:00,9084.0,19775.0,15449.0,6294.0,5933.0,9259.0,50601.0
2015-09-27 11:00:00,8228.0,18951.0,14787.0,6056.0,5575.0,9149.0,48023.0
2015-09-27 12:00:00,7759.0,18158.0,14202.0,5503.0,5790.0,9006.0,45621.0
2015-09-27 13:00:00,7605.0,17936.0,13982.0,5144.0,5696.0,8971.0,44666.0
2015-09-27 14:00:00,7683.0,17726.0,13948.0,5090.0,5727.0,9198.0,44447.0
2015-09-27 15:00:00,8220.0,18016.0,14707.0,5243.0,5993.0,9895.0,46186.0
2015-09-27 16:00:00,8666.0,18746.0,15488.0,5476.0,5668.0,10218.0,48377.0
2015-09-27 17:00:00,9150.0,19537.0,16421.0,5888.0,5758.0,10672.0,50996.0
2015-09-27 18:00:00,8814.0,19578.0,16169.0,5970.0,5309.0,11092.0,50531.0
2015-09-27 19:00:00,8161.0,18751.0,15372.0,5833.0,5716.0,10447.0,48118.0
2015-09-27 20:00:00,7903.0,18187.0,14922.0,5767.0,5722.0,9705.0,46779.0
2015-09-27 21:00:00,7409.0,16855.0,13700.0,5434.0,5403.0,8751.0,43398.0
2015-09-27 22:00:00,6961.0,15913.0,12875.0,5095.0,5303.0,8207.0,40843.0
2015-09-27 23:00:00,6702.0,15313.0,12463.0,4823.0,5038.0,7752.0,39301.0
2015-09-28 00:00:00,6559.0,15176.0,12288.0,4683.0,4954.0,7586.0,38706.0
2015-09-28 01:00:00,6707.0,15456.0,12378.0,4721.0,4887.0,7582.0,39262.0
2015-09-28 02:00:00,7224.0,16271.0,12903.0,5021.0,5107.0,7710.0,41419.0
2015-09-28 03:00:00,8102.0,18092.0,14518.0,5670.0,5918.0,8205.0,46383.0
2015-09-28 04:00:00,9684.0,21493.0,17684.0,7030.0,7128.0,9705.0,55890.0
2015-09-28 05:00:00,10666.0,23301.0,19701.0,7911.0,8032.0,11756.0,61578.0
2015-09-28 06:00:00,10934.0,24500.0,20617.0,8348.0,8348.0,12921.0,64399.0
2015-09-28 07:00:00,10897.0,25103.0,20867.0,8613.0,8392.0,13342.0,65480.0
2015-09-28 08:00:00,11173.0,25393.0,21174.0,8935.0,8462.0,13284.0,66675.0
2015-09-28 09:00:00,11266.0,25517.0,21334.0,9162.0,8621.0,13320.0,67281.0
2015-09-28 10:00:00,11286.0,25096.0,21044.0,9214.0,8369.0,13072.0,66641.0
2015-09-28 11:00:00,10970.0,24832.0,20845.0,9189.0,8308.0,13219.0,65836.0
2015-09-28 12:00:00,10776.0,23947.0,20439.0,8772.0,8179.0,13169.0,63933.0
2015-09-28 13:00:00,10515.0,23547.0,19956.0,8409.0,8064.0,13061.0,62427.0
2015-09-28 14:00:00,10306.0,22973.0,19363.0,8051.0,7947.0,13092.0,60694.0
2015-09-28 15:00:00,10448.0,22885.0,19356.0,7849.0,7940.0,13156.0,60537.0
2015-09-28 16:00:00,10713.0,23275.0,19651.0,7736.0,8109.0,12620.0,61375.0
2015-09-28 17:00:00,11361.0,23777.0,20710.0,8057.0,8226.0,12982.0,63905.0
2015-09-28 18:00:00,10737.0,23240.0,19854.0,7878.0,7665.0,13077.0,61709.0
2015-09-28 19:00:00,9870.0,21729.0,18324.0,7442.0,7013.0,12175.0,57365.0
2015-09-28 20:00:00,9100.0,19948.0,17026.0,6838.0,6736.0,11013.0,52912.0
2015-09-28 21:00:00,8464.0,18733.0,15385.0,6211.0,6258.0,10024.0,48793.0
2015-09-28 22:00:00,7922.0,17773.0,14336.0,5753.0,5912.0,9035.0,45784.0
2015-09-28 23:00:00,7646.0,17151.0,13808.0,5434.0,5555.0,8440.0,44038.0
2015-09-29 00:00:00,7475.0,16825.0,13557.0,5212.0,5376.0,8154.0,43069.0
2015-09-29 01:00:00,7499.0,16888.0,13600.0,5282.0,5240.0,8004.0,43268.0
2015-09-29 02:00:00,7924.0,17254.0,14080.0,5518.0,5369.0,8084.0,44776.0
2015-09-29 03:00:00,8741.0,18516.0,15368.0,6071.0,6045.0,8534.0,48698.0
2015-09-29 04:00:00,10196.0,21831.0,18423.0,7411.0,7110.0,10043.0,57861.0
2015-09-29 05:00:00,11090.0,23669.0,20242.0,8286.0,7953.0,12078.0,63287.0
2015-09-29 06:00:00,11514.0,24502.0,20851.0,8626.0,8246.0,13090.0,65494.0
2015-09-29 07:00:00,11222.0,24956.0,20860.0,8812.0,8316.0,13355.0,65850.0
2015-09-29 08:00:00,10958.0,25283.0,20988.0,9057.0,8463.0,13156.0,66286.0
2015-09-29 09:00:00,11686.0,25587.0,21222.0,9425.0,8600.0,13029.0,67921.0
2015-09-29 10:00:00,11793.0,25653.0,21045.0,9313.0,8367.0,12699.0,67804.0
2015-09-29 11:00:00,11426.0,25180.0,20789.0,8996.0,8269.0,12752.0,66391.0
2015-09-29 12:00:00,11205.0,24675.0,20331.0,8769.0,8143.0,12680.0,64980.0
2015-09-29 13:00:00,10929.0,24423.0,19962.0,8456.0,8098.0,12622.0,63770.0
2015-09-29 14:00:00,10698.0,23636.0,19568.0,8219.0,8002.0,12749.0,62121.0
2015-09-29 15:00:00,10760.0,23163.0,19615.0,7957.0,7993.0,12991.0,61495.0
2015-09-29 16:00:00,10963.0,23503.0,19870.0,7815.0,7935.0,12600.0,62151.0
2015-09-29 17:00:00,11650.0,24330.0,20845.0,8209.0,8012.0,13009.0,65034.0
2015-09-29 18:00:00,10937.0,23856.0,20002.0,8025.0,7509.0,13116.0,62820.0
2015-09-29 19:00:00,10024.0,22613.0,18488.0,7564.0,6955.0,12230.0,58689.0
2015-09-29 20:00:00,9339.0,20951.0,17251.0,6946.0,6604.0,11072.0,54487.0
2015-09-29 21:00:00,8532.0,19242.0,15610.0,6376.0,6123.0,10057.0,49760.0
2015-09-29 22:00:00,8116.0,17928.0,14508.0,5870.0,5442.0,9097.0,46422.0
2015-09-29 23:00:00,7809.0,17138.0,13925.0,5547.0,5139.0,8439.0,44419.0
2015-09-30 00:00:00,7645.0,16736.0,13577.0,5396.0,5038.0,8162.0,43354.0
2015-09-30 01:00:00,7710.0,16907.0,13638.0,5442.0,4934.0,8061.0,43697.0
2015-09-30 02:00:00,8173.0,17306.0,14095.0,5650.0,5085.0,8119.0,45223.0
2015-09-30 03:00:00,8830.0,18498.0,15477.0,6186.0,5789.0,8536.0,48991.0
2015-09-30 04:00:00,10375.0,21697.0,18466.0,7492.0,6946.0,9952.0,58029.0
2015-09-30 05:00:00,11127.0,23576.0,20232.0,8334.0,7691.0,12025.0,63269.0
2015-09-30 06:00:00,11556.0,24407.0,20826.0,8695.0,7904.0,13112.0,65484.0
2015-09-30 07:00:00,11531.0,24759.0,20791.0,8878.0,7894.0,13380.0,65960.0
2015-09-30 08:00:00,11517.0,24949.0,21073.0,9057.0,8078.0,13256.0,66596.0
2015-09-30 09:00:00,11838.0,25080.0,21295.0,9328.0,8173.0,13095.0,67541.0
2015-09-30 10:00:00,11757.0,24891.0,20945.0,9066.0,7983.0,12762.0,66660.0
2015-09-30 11:00:00,11197.0,24648.0,20648.0,8991.0,7926.0,12800.0,65485.0
2015-09-30 12:00:00,11010.0,24226.0,20113.0,8755.0,7789.0,12732.0,64103.0
2015-09-30 13:00:00,10675.0,23712.0,19700.0,8498.0,7665.0,12686.0,62584.0
2015-09-30 14:00:00,10543.0,23205.0,19276.0,8087.0,7588.0,12789.0,61112.0
2015-09-30 15:00:00,10680.0,22846.0,19427.0,7836.0,7638.0,13091.0,60790.0
2015-09-30 16:00:00,10996.0,23177.0,19843.0,7825.0,7837.0,12671.0,61840.0
2015-09-30 17:00:00,11662.0,23985.0,20888.0,8214.0,7790.0,13008.0,64749.0
2015-09-30 18:00:00,10871.0,23785.0,19989.0,8045.0,7267.0,13140.0,62690.0
2015-09-30 19:00:00,9937.0,22443.0,18539.0,7568.0,6569.0,12271.0,58487.0
2015-09-30 20:00:00,9285.0,20833.0,17287.0,7018.0,6423.0,11062.0,54422.0
2015-09-30 21:00:00,8478.0,19053.0,15663.0,6391.0,5915.0,10140.0,49586.0
2015-09-30 22:00:00,7937.0,17687.0,14566.0,5876.0,5855.0,8895.0,46066.0
2015-09-30 23:00:00,7662.0,17042.0,14043.0,5524.0,5610.0,8249.0,44271.0
2015-10-01 00:00:00,7472.0,16806.0,13700.0,5360.0,5514.0,7982.0,43338.0
2015-10-01 01:00:00,7635.0,16916.0,13775.0,5466.0,5436.0,7855.0,43792.0
2015-10-01 02:00:00,8004.0,17331.0,14201.0,5631.0,5584.0,7911.0,45166.0
2015-10-01 03:00:00,8778.0,18664.0,15530.0,6158.0,6179.0,8375.0,49130.0
2015-10-01 04:00:00,10358.0,21813.0,18500.0,7386.0,7377.0,9841.0,58058.0
2015-10-01 05:00:00,11214.0,23670.0,20313.0,8224.0,8164.0,11924.0,63421.0
2015-10-01 06:00:00,11594.0,24417.0,20811.0,8589.0,8306.0,12951.0,65411.0
2015-10-01 07:00:00,11279.0,24624.0,20730.0,8686.0,8186.0,13224.0,65318.0
2015-10-01 08:00:00,11364.0,25059.0,20863.0,8946.0,8320.0,12985.0,66233.0
2015-10-01 09:00:00,11328.0,25479.0,21075.0,9158.0,8385.0,12853.0,67041.0
2015-10-01 10:00:00,11097.0,25209.0,20758.0,8889.0,8166.0,12534.0,65953.0
2015-10-01 11:00:00,11153.0,24848.0,20521.0,8880.0,8037.0,12533.0,65403.0
2015-10-01 12:00:00,10976.0,24421.0,20058.0,8687.0,7962.0,12469.0,64143.0
2015-10-01 13:00:00,10646.0,23498.0,19632.0,8397.0,7858.0,12426.0,62173.0
2015-10-01 14:00:00,10375.0,22635.0,19150.0,8002.0,7797.0,12558.0,60162.0
2015-10-01 15:00:00,10440.0,22323.0,19186.0,7789.0,7942.0,12816.0,59738.0
2015-10-01 16:00:00,10816.0,22679.0,19644.0,7765.0,8123.0,12566.0,60904.0
2015-10-01 17:00:00,11641.0,23692.0,20749.0,8224.0,8227.0,13044.0,64306.0
2015-10-01 18:00:00,10941.0,23551.0,19896.0,8080.0,7726.0,13144.0,62468.0
2015-10-01 19:00:00,9926.0,22261.0,18416.0,7509.0,7045.0,12130.0,58112.0
2015-10-01 20:00:00,9098.0,20415.0,17147.0,6946.0,6739.0,10974.0,53606.0
2015-10-01 21:00:00,8350.0,18965.0,15525.0,6316.0,6294.0,9966.0,49156.0
2015-10-01 22:00:00,7756.0,18001.0,14508.0,5827.0,6000.0,9251.0,46091.0
2015-10-01 23:00:00,7410.0,17474.0,13886.0,5489.0,5697.0,8586.0,44260.0
2015-10-02 00:00:00,7277.0,16929.0,13520.0,5360.0,5622.0,8304.0,43085.0
2015-10-02 01:00:00,7432.0,17144.0,13649.0,5441.0,5483.0,8185.0,43665.0
2015-10-02 02:00:00,7886.0,17475.0,14079.0,5664.0,5604.0,8232.0,45104.0
2015-10-02 03:00:00,8714.0,18792.0,15381.0,6197.0,6155.0,8663.0,49083.0
2015-10-02 04:00:00,10250.0,21892.0,18260.0,7464.0,7264.0,10052.0,57866.0
2015-10-02 05:00:00,11052.0,23496.0,20085.0,8295.0,7998.0,12146.0,62928.0
2015-10-02 06:00:00,11266.0,24292.0,20612.0,8584.0,8271.0,13208.0,64755.0
2015-10-02 07:00:00,11303.0,24401.0,20627.0,8766.0,8250.0,13528.0,65098.0
2015-10-02 08:00:00,11368.0,24796.0,20790.0,9030.0,8097.0,13315.0,65984.0
2015-10-02 09:00:00,11304.0,24815.0,20940.0,9182.0,8193.0,13124.0,66241.0
2015-10-02 10:00:00,10912.0,24692.0,20533.0,8968.0,7947.0,12725.0,65106.0
2015-10-02 11:00:00,158.0,24489.0,19970.0,8814.0,7780.0,12666.0,53431.0
2015-10-02 12:00:00,676.0,23940.0,19323.0,8476.0,7642.0,12545.0,52414.0
2015-10-02 13:00:00,7817.0,23116.0,18857.0,8076.0,7449.0,12415.0,57867.0
2015-10-02 14:00:00,10169.0,22399.0,18421.0,7720.0,7463.0,12439.0,58709.0
2015-10-02 15:00:00,10266.0,22282.0,18554.0,7579.0,7598.0,12756.0,58681.0
2015-10-02 16:00:00,10435.0,22169.0,18874.0,7443.0,7797.0,12494.0,58921.0
2015-10-02 17:00:00,11109.0,22867.0,19868.0,7803.0,7830.0,12820.0,61648.0
2015-10-02 18:00:00,10548.0,22450.0,18877.0,7550.0,7271.0,12804.0,59425.0
2015-10-02 19:00:00,9635.0,20783.0,17433.0,7029.0,6657.0,11825.0,54880.0
2015-10-02 20:00:00,8794.0,19261.0,16310.0,6429.0,6494.0,10817.0,50794.0
2015-10-02 21:00:00,7989.0,17810.0,14868.0,5891.0,6061.0,10065.0,46558.0
2015-10-02 22:00:00,7426.0,16713.0,13647.0,5389.0,5494.0,9090.0,43175.0
2015-10-02 23:00:00,7102.0,15906.0,12972.0,5015.0,5244.0,8424.0,40994.0
2015-10-03 00:00:00,6939.0,15497.0,12559.0,4743.0,5179.0,7965.0,39738.0
2015-10-03 01:00:00,6734.0,15442.0,12439.0,4702.0,5043.0,7778.0,39317.0
2015-10-03 02:00:00,6790.0,15431.0,12396.0,4699.0,5032.0,7764.0,39315.0
2015-10-03 03:00:00,6756.0,15330.0,12300.0,4611.0,5296.0,7880.0,38997.0
2015-10-03 04:00:00,6874.0,15407.0,12463.0,4618.0,5758.0,8400.0,39362.0
2015-10-03 05:00:00,7197.0,16088.0,13101.0,4825.0,6216.0,9242.0,41211.0
2015-10-03 06:00:00,8003.0,16993.0,14117.0,5027.0,6591.0,10090.0,44140.0
2015-10-03 07:00:00,8412.0,17942.0,14991.0,5426.0,6829.0,10831.0,46772.0
2015-10-03 08:00:00,8643.0,19098.0,15507.0,5757.0,6891.0,10964.0,49005.0
2015-10-03 09:00:00,9000.0,19676.0,15911.0,6019.0,6991.0,10914.0,50606.0
2015-10-03 10:00:00,8585.0,19815.0,15672.0,6018.0,6777.0,10758.0,50090.0
2015-10-03 11:00:00,8082.0,19057.0,15110.0,5843.0,6541.0,10476.0,48093.0
2015-10-03 12:00:00,7906.0,18573.0,14320.0,5603.0,6394.0,10219.0,46401.0
2015-10-03 13:00:00,7926.0,18173.0,14056.0,5292.0,6351.0,10070.0,45447.0
2015-10-03 14:00:00,7909.0,17835.0,14001.0,5088.0,6389.0,10256.0,44834.0
2015-10-03 15:00:00,8055.0,18045.0,14641.0,5225.0,6496.0,10792.0,45966.0
2015-10-03 16:00:00,8370.0,18290.0,15411.0,5436.0,6598.0,10991.0,47506.0
2015-10-03 17:00:00,8904.0,19091.0,16310.0,5867.0,6659.0,11487.0,50171.0
2015-10-03 18:00:00,8455.0,18667.0,15714.0,5728.0,6296.0,11475.0,48564.0
2015-10-03 19:00:00,7922.0,17724.0,14836.0,5498.0,5869.0,10754.0,45980.0
2015-10-03 20:00:00,7568.0,16961.0,14344.0,5335.0,5733.0,10082.0,44208.0
2015-10-03 21:00:00,7082.0,15850.0,13257.0,4941.0,5451.0,9328.0,41130.0
2015-10-03 22:00:00,6594.0,14916.0,12186.0,4561.0,5150.0,8486.0,38257.0
2015-10-03 23:00:00,6245.0,14163.0,11580.0,4246.0,4858.0,7882.0,36234.0
2015-10-04 00:00:00,6059.0,13794.0,11219.0,4040.0,4750.0,7560.0,35111.0
2015-10-04 01:00:00,6016.0,13880.0,11002.0,4003.0,4574.0,7412.0,34901.0
2015-10-04 02:00:00,6129.0,13977.0,11147.0,4024.0,4543.0,7371.0,35276.0
2015-10-04 03:00:00,6252.0,14108.0,11377.0,4041.0,4692.0,7389.0,35779.0
2015-10-04 04:00:00,6475.0,14274.0,11763.0,4148.0,4982.0,7596.0,36660.0
2015-10-04 05:00:00,6719.0,14847.0,12431.0,4434.0,5347.0,8025.0,38432.0
2015-10-04 06:00:00,7478.0,16140.0,13595.0,4825.0,5639.0,8710.0,42038.0
2015-10-04 07:00:00,8218.0,17365.0,14606.0,5309.0,5885.0,9429.0,45498.0
2015-10-04 08:00:00,8690.0,18526.0,15339.0,5599.0,6161.0,9726.0,48155.0
2015-10-04 09:00:00,9286.0,19440.0,16014.0,5863.0,6315.0,9753.0,50603.0
2015-10-04 10:00:00,8512.0,19311.0,15768.0,5810.0,6077.0,9701.0,49400.0
2015-10-04 11:00:00,8108.0,18854.0,15245.0,5626.0,5892.0,9520.0,47833.0
2015-10-04 12:00:00,7974.0,18136.0,14672.0,5460.0,5746.0,9312.0,46243.0
2015-10-04 13:00:00,8047.0,17838.0,14343.0,5284.0,5668.0,9229.0,45511.0
2015-10-04 14:00:00,8061.0,17851.0,14513.0,5050.0,5754.0,9517.0,45474.0
2015-10-04 15:00:00,8293.0,18116.0,15087.0,5232.0,5954.0,10381.0,46728.0
2015-10-04 16:00:00,8775.0,18560.0,15873.0,5529.0,6286.0,10786.0,48737.0
2015-10-04 17:00:00,9197.0,19484.0,16841.0,5995.0,6513.0,11494.0,51517.0
2015-10-04 18:00:00,8684.0,19072.0,16269.0,5986.0,6250.0,11441.0,50011.0
2015-10-04 19:00:00,8100.0,18238.0,15480.0,5847.0,5873.0,10802.0,47665.0
2015-10-04 20:00:00,7843.0,17541.0,15137.0,5828.0,5835.0,10069.0,46349.0
2015-10-04 21:00:00,7319.0,16377.0,13884.0,5464.0,5502.0,9104.0,43043.0
2015-10-04 22:00:00,6955.0,15221.0,12937.0,5112.0,5135.0,8304.0,40225.0
2015-10-04 23:00:00,6640.0,14802.0,12503.0,4827.0,4938.0,7879.0,38772.0
2015-10-05 00:00:00,6612.0,14746.0,12302.0,4731.0,4891.0,7696.0,38390.0
2015-10-05 01:00:00,6722.0,15221.0,12433.0,4824.0,4868.0,7668.0,39201.0
2015-10-05 02:00:00,7166.0,15515.0,12908.0,5094.0,5072.0,7774.0,40683.0
2015-10-05 03:00:00,8161.0,16933.0,14581.0,5755.0,5881.0,8298.0,45429.0
2015-10-05 04:00:00,9760.0,20847.0,17918.0,7227.0,7181.0,9777.0,55752.0
2015-10-05 05:00:00,10776.0,22839.0,20057.0,8239.0,7769.0,12023.0,61911.0
2015-10-05 06:00:00,10654.0,23639.0,20711.0,8540.0,8057.0,13094.0,63544.0
2015-10-05 07:00:00,10666.0,23819.0,20743.0,8723.0,8046.0,13516.0,63951.0
2015-10-05 08:00:00,10837.0,24420.0,20937.0,8971.0,8053.0,13530.0,65165.0
2015-10-05 09:00:00,10952.0,24829.0,21202.0,9032.0,8211.0,13451.0,66014.0
2015-10-05 10:00:00,10780.0,24380.0,20890.0,8924.0,8054.0,13268.0,64975.0
2015-10-05 11:00:00,10729.0,23986.0,20698.0,8956.0,8020.0,13455.0,64369.0
2015-10-05 12:00:00,10598.0,23804.0,20238.0,8830.0,7942.0,13363.0,63471.0
2015-10-05 13:00:00,10691.0,23576.0,19792.0,8741.0,7822.0,13336.0,62800.0
2015-10-05 14:00:00,10550.0,22966.0,19417.0,8257.0,7792.0,13488.0,61191.0
2015-10-05 15:00:00,10696.0,22667.0,19611.0,8026.0,7821.0,13664.0,61000.0
2015-10-05 16:00:00,11055.0,22586.0,20216.0,8002.0,7990.0,13277.0,61858.0
2015-10-05 17:00:00,11784.0,23628.0,21225.0,8532.0,8094.0,13792.0,65169.0
2015-10-05 18:00:00,10982.0,22534.0,19977.0,8119.0,7572.0,13315.0,61613.0
2015-10-05 19:00:00,10099.0,21423.0,18501.0,7634.0,6993.0,12335.0,57656.0
2015-10-05 20:00:00,9306.0,19761.0,17253.0,6998.0,6814.0,11182.0,53319.0
2015-10-05 21:00:00,8705.0,18089.0,15597.0,6299.0,6188.0,10189.0,48689.0
2015-10-05 22:00:00,8202.0,17346.0,14468.0,5795.0,5847.0,9210.0,45810.0
2015-10-05 23:00:00,8016.0,16427.0,13844.0,5439.0,5536.0,8604.0,43726.0
2015-10-06 00:00:00,7806.0,16505.0,13584.0,5264.0,5439.0,8364.0,43158.0
2015-10-06 01:00:00,7708.0,16592.0,13642.0,5295.0,5311.0,8284.0,43237.0
2015-10-06 02:00:00,7996.0,16985.0,14112.0,5486.0,5464.0,8351.0,44579.0
2015-10-06 03:00:00,8934.0,18407.0,15543.0,6070.0,6139.0,8796.0,48954.0
2015-10-06 04:00:00,10350.0,21790.0,18610.0,7467.0,7413.0,10246.0,58218.0
2015-10-06 05:00:00,11234.0,23783.0,20854.0,8521.0,8226.0,12516.0,64392.0
2015-10-06 06:00:00,11566.0,24675.0,21630.0,8732.0,8456.0,13603.0,66603.0
2015-10-06 07:00:00,11687.0,25117.0,21703.0,8834.0,8453.0,14141.0,67342.0
2015-10-06 08:00:00,11624.0,25671.0,22021.0,9290.0,8506.0,14231.0,68606.0
2015-10-06 09:00:00,11606.0,25963.0,22299.0,9672.0,8571.0,14152.0,69540.0
2015-10-06 10:00:00,11552.0,25957.0,21998.0,9551.0,8329.0,13848.0,69058.0
2015-10-06 11:00:00,11439.0,25915.0,21646.0,9346.0,8252.0,13908.0,68346.0
2015-10-06 12:00:00,11397.0,25031.0,21138.0,9036.0,8131.0,13859.0,66602.0
2015-10-06 13:00:00,11276.0,24270.0,20788.0,8968.0,8019.0,13822.0,65303.0
2015-10-06 14:00:00,10953.0,23948.0,20350.0,8737.0,7966.0,13881.0,63987.0
2015-10-06 15:00:00,10999.0,23970.0,20576.0,8470.0,8132.0,14020.0,64016.0
2015-10-06 16:00:00,11421.0,24235.0,21132.0,8476.0,8348.0,13469.0,65265.0
2015-10-06 17:00:00,12008.0,25013.0,21686.0,8709.0,8241.0,13840.0,67417.0
2015-10-06 18:00:00,11370.0,24338.0,20286.0,8229.0,7708.0,13402.0,64224.0
2015-10-06 19:00:00,10332.0,22059.0,18801.0,7715.0,7034.0,12438.0,58907.0
2015-10-06 20:00:00,9580.0,19805.0,17453.0,7056.0,6722.0,11302.0,53894.0
2015-10-06 21:00:00,8771.0,18160.0,15841.0,6367.0,6180.0,10354.0,49139.0
2015-10-06 22:00:00,8309.0,16963.0,14729.0,5838.0,5779.0,9344.0,45838.0
2015-10-06 23:00:00,7940.0,16807.0,14124.0,5457.0,5510.0,8683.0,44327.0
2015-10-07 00:00:00,7715.0,16530.0,13819.0,5309.0,5400.0,8377.0,43373.0
2015-10-07 01:00:00,7816.0,16615.0,13823.0,5340.0,5285.0,8285.0,43594.0
2015-10-07 02:00:00,8142.0,17115.0,14222.0,5564.0,5452.0,8308.0,45043.0
2015-10-07 03:00:00,8997.0,18875.0,15653.0,6126.0,6165.0,8725.0,49652.0
2015-10-07 04:00:00,10516.0,21516.0,18748.0,7560.0,7376.0,10161.0,58341.0
2015-10-07 05:00:00,11471.0,23336.0,20939.0,8554.0,8240.0,12411.0,64300.0
2015-10-07 06:00:00,11793.0,24198.0,21711.0,8879.0,8550.0,13560.0,66581.0
2015-10-07 07:00:00,11953.0,24014.0,21930.0,8891.0,8608.0,13998.0,66788.0
2015-10-07 08:00:00,11961.0,24359.0,22252.0,9182.0,8736.0,14072.0,67755.0
2015-10-07 09:00:00,12033.0,24908.0,22596.0,9458.0,8796.0,14093.0,68994.0
2015-10-07 10:00:00,12031.0,24921.0,22234.0,9232.0,8515.0,13934.0,68417.0
2015-10-07 11:00:00,11681.0,24814.0,21910.0,9068.0,8447.0,14046.0,67473.0
2015-10-07 12:00:00,11552.0,24360.0,21442.0,8786.0,8308.0,13978.0,66139.0
2015-10-07 13:00:00,11385.0,23711.0,20970.0,8611.0,8208.0,13935.0,64676.0
2015-10-07 14:00:00,11121.0,22942.0,20595.0,8294.0,8120.0,14015.0,62953.0
2015-10-07 15:00:00,11274.0,22826.0,20632.0,8210.0,8171.0,14187.0,62942.0
2015-10-07 16:00:00,11681.0,23216.0,21021.0,8204.0,8346.0,13754.0,64122.0
2015-10-07 17:00:00,11907.0,24099.0,21555.0,8663.0,8214.0,14021.0,66224.0
2015-10-07 18:00:00,11153.0,22988.0,20224.0,8273.0,7598.0,13474.0,62637.0
2015-10-07 19:00:00,10233.0,21735.0,18752.0,7769.0,6987.0,12470.0,58488.0
2015-10-07 20:00:00,9341.0,19958.0,17502.0,7108.0,6658.0,11341.0,53909.0
2015-10-07 21:00:00,8709.0,18252.0,15741.0,6422.0,6222.0,10388.0,49123.0
2015-10-07 22:00:00,8012.0,17060.0,14585.0,5878.0,5806.0,9386.0,45536.0
2015-10-07 23:00:00,7593.0,16727.0,13929.0,5544.0,5544.0,8724.0,43793.0
2015-10-08 00:00:00,7446.0,16443.0,13622.0,5357.0,5407.0,8437.0,42868.0
2015-10-08 01:00:00,7564.0,16604.0,13623.0,5373.0,5278.0,8326.0,43164.0
2015-10-08 02:00:00,7971.0,17218.0,14100.0,5572.0,5403.0,8385.0,44860.0
2015-10-08 03:00:00,8773.0,18358.0,15421.0,6101.0,6056.0,8783.0,48652.0
2015-10-08 04:00:00,10101.0,21271.0,18398.0,7441.0,7276.0,10206.0,57211.0
2015-10-08 05:00:00,11159.0,23428.0,20632.0,8403.0,8035.0,12528.0,63623.0
2015-10-08 06:00:00,11371.0,24209.0,21279.0,8649.0,8392.0,13664.0,65508.0
2015-10-08 07:00:00,11358.0,24461.0,21475.0,8652.0,8449.0,14120.0,65945.0
2015-10-08 08:00:00,11411.0,24957.0,21811.0,8821.0,8538.0,14070.0,66999.0
2015-10-08 09:00:00,11699.0,25393.0,22096.0,8945.0,8629.0,14012.0,68133.0
2015-10-08 10:00:00,11667.0,25361.0,21745.0,9002.0,8382.0,13750.0,67775.0
2015-10-08 11:00:00,11507.0,24980.0,21404.0,8970.0,8292.0,13762.0,66861.0
2015-10-08 12:00:00,11393.0,24299.0,20949.0,8744.0,8138.0,13674.0,65384.0
2015-10-08 13:00:00,11138.0,24054.0,20579.0,8649.0,8056.0,13577.0,64420.0
2015-10-08 14:00:00,10908.0,23536.0,20181.0,8336.0,8005.0,13617.0,62961.0
2015-10-08 15:00:00,10999.0,23464.0,20326.0,8155.0,8039.0,13761.0,62944.0
2015-10-08 16:00:00,11424.0,23718.0,20851.0,8200.0,8236.0,13483.0,64194.0
2015-10-08 17:00:00,11635.0,24432.0,21324.0,8529.0,8166.0,13952.0,65920.0
2015-10-08 18:00:00,10898.0,23263.0,20002.0,8137.0,7554.0,13530.0,62300.0
2015-10-08 19:00:00,10043.0,21779.0,18500.0,7659.0,6914.0,12523.0,57981.0
2015-10-08 20:00:00,9240.0,20285.0,17331.0,7053.0,6645.0,11366.0,53909.0
2015-10-08 21:00:00,8437.0,18484.0,15697.0,6395.0,6174.0,10356.0,49012.0
2015-10-08 22:00:00,7857.0,17289.0,14495.0,5826.0,5666.0,9378.0,45466.0
2015-10-08 23:00:00,7569.0,16884.0,13904.0,5466.0,5399.0,8718.0,43824.0
2015-10-09 00:00:00,7400.0,16577.0,13567.0,5307.0,5260.0,8404.0,42851.0
2015-10-09 01:00:00,7501.0,16798.0,13617.0,5369.0,5135.0,8306.0,43285.0
2015-10-09 02:00:00,7884.0,17138.0,14023.0,5589.0,5258.0,8366.0,44634.0
2015-10-09 03:00:00,8646.0,18295.0,15334.0,6120.0,5965.0,8775.0,48395.0
2015-10-09 04:00:00,10006.0,21273.0,18189.0,7423.0,7031.0,10148.0,56890.0
2015-10-09 05:00:00,10904.0,23625.0,20389.0,8449.0,7875.0,12404.0,63367.0
2015-10-09 06:00:00,11185.0,24376.0,21151.0,8817.0,8215.0,13503.0,65530.0
2015-10-09 07:00:00,11156.0,24416.0,21190.0,8823.0,8226.0,13964.0,65585.0
2015-10-09 08:00:00,11182.0,25130.0,21427.0,8968.0,8235.0,13912.0,66707.0
2015-10-09 09:00:00,11182.0,25525.0,21630.0,9101.0,8257.0,13740.0,67438.0
2015-10-09 10:00:00,10674.0,25303.0,21275.0,9097.0,7980.0,13427.0,66349.0
2015-10-09 11:00:00,10603.0,24646.0,20698.0,8917.0,7761.0,13353.0,64865.0
2015-10-09 12:00:00,10520.0,23955.0,20043.0,8467.0,7603.0,13182.0,62986.0
2015-10-09 13:00:00,10181.0,23608.0,19598.0,8150.0,7495.0,12992.0,61537.0
2015-10-09 14:00:00,9917.0,23231.0,19255.0,7926.0,7492.0,12971.0,60329.0
2015-10-09 15:00:00,10138.0,23117.0,19370.0,7786.0,7592.0,13186.0,60412.0
2015-10-09 16:00:00,10607.0,23439.0,19955.0,7802.0,7796.0,12899.0,61803.0
2015-10-09 17:00:00,11011.0,24174.0,20465.0,8167.0,7724.0,13369.0,63818.0
2015-10-09 18:00:00,10374.0,22774.0,19074.0,7726.0,7095.0,12950.0,59948.0
2015-10-09 19:00:00,9473.0,21259.0,17695.0,7179.0,6514.0,11886.0,55606.0
2015-10-09 20:00:00,8920.0,20071.0,16697.0,6643.0,6339.0,10904.0,52330.0
2015-10-09 21:00:00,8308.0,18544.0,15213.0,6098.0,5914.0,10154.0,48163.0
2015-10-09 22:00:00,7669.0,17159.0,14137.0,5626.0,5559.0,9211.0,44590.0
2015-10-09 23:00:00,7329.0,16456.0,13414.0,5277.0,5260.0,8458.0,42477.0
2015-10-10 00:00:00,7166.0,15960.0,12985.0,5030.0,5056.0,8108.0,41142.0
2015-10-10 01:00:00,7251.0,15879.0,12915.0,5033.0,4875.0,7936.0,41077.0
2015-10-10 02:00:00,7318.0,16028.0,12971.0,5110.0,4890.0,7886.0,41428.0
2015-10-10 03:00:00,7365.0,16227.0,13198.0,5133.0,5152.0,7990.0,41923.0
2015-10-10 04:00:00,7672.0,16848.0,13962.0,5388.0,5669.0,8474.0,43870.0
2015-10-10 05:00:00,7734.0,17940.0,15145.0,5773.0,6208.0,9410.0,46591.0
2015-10-10 06:00:00,8560.0,18999.0,16271.0,6201.0,6484.0,10342.0,50030.0
2015-10-10 07:00:00,9120.0,20141.0,17130.0,6711.0,6752.0,11206.0,53102.0
2015-10-10 08:00:00,9256.0,20809.0,17645.0,6959.0,6845.0,11519.0,54669.0
2015-10-10 09:00:00,9175.0,21451.0,17940.0,7111.0,7003.0,11391.0,55677.0
2015-10-10 10:00:00,9070.0,21188.0,17624.0,6985.0,6815.0,10987.0,54866.0
2015-10-10 11:00:00,8688.0,20419.0,16987.0,6653.0,6626.0,10616.0,52747.0
2015-10-10 12:00:00,8390.0,19865.0,16317.0,6383.0,6458.0,10353.0,50955.0
2015-10-10 13:00:00,8341.0,19442.0,16036.0,6191.0,6382.0,10210.0,50009.0
2015-10-10 14:00:00,8296.0,19302.0,15958.0,6172.0,6402.0,10428.0,49727.0
2015-10-10 15:00:00,8555.0,19586.0,16550.0,6187.0,6566.0,11060.0,50879.0
2015-10-10 16:00:00,9165.0,20044.0,17271.0,6416.0,6723.0,11293.0,52897.0
2015-10-10 17:00:00,9473.0,20898.0,17949.0,6668.0,6714.0,11861.0,54987.0
2015-10-10 18:00:00,8831.0,19949.0,16812.0,6251.0,6373.0,11536.0,51844.0
2015-10-10 19:00:00,8228.0,19195.0,15764.0,5919.0,5967.0,10844.0,49107.0
2015-10-10 20:00:00,8040.0,18485.0,15222.0,5706.0,5896.0,10147.0,47453.0
2015-10-10 21:00:00,7703.0,17271.0,14065.0,5275.0,5487.0,9442.0,44315.0
2015-10-10 22:00:00,7050.0,15922.0,12867.0,4864.0,5271.0,8385.0,40702.0
2015-10-10 23:00:00,6732.0,15182.0,12126.0,4518.0,4860.0,7771.0,38558.0
2015-10-11 00:00:00,6594.0,14720.0,11753.0,4326.0,4737.0,7451.0,37393.0
2015-10-11 01:00:00,6624.0,14553.0,11704.0,4278.0,4551.0,7274.0,37159.0
2015-10-11 02:00:00,6764.0,14746.0,11761.0,4382.0,4536.0,7235.0,37654.0
2015-10-11 03:00:00,6695.0,14905.0,11829.0,4408.0,4704.0,7296.0,37837.0
2015-10-11 04:00:00,6508.0,15032.0,12000.0,4473.0,4991.0,7518.0,38013.0
2015-10-11 05:00:00,6765.0,15617.0,12734.0,4720.0,5400.0,7986.0,39836.0
2015-10-11 06:00:00,7630.0,16602.0,13859.0,4987.0,5702.0,8605.0,43078.0
2015-10-11 07:00:00,7998.0,17746.0,14861.0,5462.0,6014.0,9215.0,46067.0
2015-10-11 08:00:00,7922.0,18458.0,15555.0,5765.0,6285.0,9414.0,47700.0
2015-10-11 09:00:00,8654.0,19031.0,16304.0,6110.0,6450.0,9406.0,50099.0
2015-10-11 10:00:00,8662.0,19063.0,15909.0,5945.0,6182.0,9417.0,49579.0
2015-10-11 11:00:00,8107.0,18560.0,15237.0,5713.0,5960.0,9218.0,47616.0
2015-10-11 12:00:00,7696.0,17875.0,14589.0,5548.0,5739.0,8972.0,45708.0
2015-10-11 13:00:00,7569.0,17591.0,14248.0,5453.0,5706.0,8928.0,44861.0
2015-10-11 14:00:00,7677.0,17595.0,14317.0,5282.0,5813.0,9244.0,44872.0
2015-10-11 15:00:00,8298.0,18113.0,15143.0,5383.0,6085.0,10193.0,46937.0
2015-10-11 16:00:00,8946.0,19150.0,16398.0,5791.0,6429.0,10702.0,50285.0
2015-10-11 17:00:00,9298.0,20377.0,17466.0,6277.0,6535.0,11572.0,53417.0
2015-10-11 18:00:00,8789.0,19832.0,16750.0,6151.0,6285.0,11384.0,51523.0
2015-10-11 19:00:00,8320.0,19130.0,16039.0,6032.0,5924.0,10662.0,49521.0
2015-10-11 20:00:00,8135.0,18727.0,15731.0,6047.0,5910.0,9878.0,48639.0
2015-10-11 21:00:00,7640.0,17224.0,14455.0,5698.0,5571.0,8941.0,45016.0
2015-10-11 22:00:00,7286.0,16328.0,13518.0,5350.0,5410.0,8342.0,42483.0
2015-10-11 23:00:00,7073.0,15770.0,13003.0,5051.0,5214.0,7913.0,40896.0
2015-10-12 00:00:00,7076.0,15356.0,12814.0,4936.0,5115.0,7770.0,40182.0
2015-10-12 01:00:00,7250.0,15787.0,12872.0,5053.0,5046.0,7762.0,40961.0
2015-10-12 02:00:00,7467.0,16406.0,13337.0,5389.0,5244.0,7920.0,42599.0
2015-10-12 03:00:00,8355.0,17797.0,14852.0,6057.0,6035.0,8474.0,47062.0
2015-10-12 04:00:00,9817.0,20940.0,18176.0,7403.0,7275.0,10114.0,56336.0
2015-10-12 05:00:00,10908.0,23238.0,20476.0,8436.0,8120.0,12479.0,63058.0
2015-10-12 06:00:00,11302.0,23975.0,21200.0,8780.0,8340.0,13580.0,65258.0
2015-10-12 07:00:00,11095.0,24415.0,21190.0,9151.0,8375.0,13964.0,65851.0
2015-10-12 08:00:00,10889.0,24626.0,21389.0,9362.0,8413.0,13942.0,66265.0
2015-10-12 09:00:00,10860.0,25331.0,21717.0,9486.0,8488.0,13820.0,67393.0
2015-10-12 10:00:00,10951.0,25124.0,21541.0,9210.0,8261.0,13432.0,66826.0
2015-10-12 11:00:00,10790.0,24760.0,21144.0,9114.0,8227.0,13478.0,65808.0
2015-10-12 12:00:00,10476.0,24103.0,20633.0,8888.0,8105.0,13281.0,64100.0
2015-10-12 13:00:00,10197.0,23772.0,20200.0,8698.0,8032.0,13154.0,62868.0
2015-10-12 14:00:00,10081.0,23198.0,19825.0,8263.0,7940.0,13206.0,61367.0
2015-10-12 15:00:00,10469.0,22978.0,20104.0,8058.0,7903.0,13477.0,61608.0
2015-10-12 16:00:00,10895.0,23369.0,20928.0,8234.0,8210.0,13222.0,63426.0
2015-10-12 17:00:00,11423.0,24554.0,21659.0,8724.0,8137.0,14036.0,66360.0
2015-10-12 18:00:00,10757.0,23405.0,20218.0,8266.0,7576.0,13559.0,62646.0
2015-10-12 19:00:00,9895.0,22126.0,18686.0,7767.0,6980.0,12510.0,58473.0
2015-10-12 20:00:00,9427.0,20749.0,17586.0,7222.0,6789.0,11294.0,54983.0
2015-10-12 21:00:00,8820.0,19167.0,15926.0,6595.0,6234.0,10247.0,50507.0
2015-10-12 22:00:00,8229.0,17952.0,14800.0,6103.0,6127.0,8962.0,47084.0
2015-10-12 23:00:00,7808.0,17336.0,14332.0,5763.0,5708.0,8302.0,45239.0
2015-10-13 00:00:00,7703.0,17022.0,13980.0,5650.0,5593.0,8060.0,44355.0
2015-10-13 01:00:00,7874.0,17267.0,14046.0,5695.0,5466.0,8018.0,44882.0
2015-10-13 02:00:00,8176.0,17793.0,14494.0,5942.0,5634.0,8128.0,46406.0
2015-10-13 03:00:00,8747.0,18884.0,15792.0,6469.0,6305.0,8610.0,49893.0
2015-10-13 04:00:00,10086.0,21661.0,18736.0,7740.0,7428.0,10120.0,58222.0
2015-10-13 05:00:00,11230.0,23715.0,20985.0,8767.0,8201.0,12547.0,64696.0
2015-10-13 06:00:00,11559.0,24512.0,21668.0,9164.0,8435.0,13671.0,66903.0
2015-10-13 07:00:00,11556.0,24589.0,21732.0,9282.0,8421.0,14075.0,67160.0
2015-10-13 08:00:00,11666.0,25470.0,21972.0,9467.0,8432.0,13950.0,68574.0
2015-10-13 09:00:00,11950.0,26004.0,22201.0,9523.0,8492.0,13910.0,69678.0
2015-10-13 10:00:00,11804.0,25733.0,21911.0,9315.0,8278.0,13679.0,68763.0
2015-10-13 11:00:00,11467.0,25518.0,21642.0,9132.0,8269.0,13766.0,67759.0
2015-10-13 12:00:00,11178.0,24988.0,21252.0,8941.0,8165.0,13754.0,66359.0
2015-10-13 13:00:00,10951.0,24716.0,20969.0,8782.0,8113.0,13709.0,65418.0
2015-10-13 14:00:00,10889.0,24189.0,20611.0,8593.0,8131.0,13800.0,64282.0
2015-10-13 15:00:00,11009.0,24144.0,20894.0,8466.0,8179.0,13915.0,64512.0
2015-10-13 16:00:00,11336.0,24765.0,21675.0,8639.0,8379.0,13590.0,66416.0
2015-10-13 17:00:00,11441.0,25411.0,21856.0,8880.0,8267.0,14128.0,67588.0
2015-10-13 18:00:00,10661.0,24089.0,20289.0,8341.0,7698.0,13497.0,63380.0
2015-10-13 19:00:00,9856.0,22801.0,18852.0,7883.0,7084.0,12473.0,59392.0
2015-10-13 20:00:00,9190.0,21335.0,17761.0,7321.0,6785.0,11282.0,55607.0
2015-10-13 21:00:00,8620.0,19653.0,16255.0,6718.0,6305.0,10228.0,51246.0
2015-10-13 22:00:00,8053.0,18428.0,15222.0,6208.0,5770.0,9385.0,47911.0
2015-10-13 23:00:00,7709.0,17791.0,14530.0,5840.0,5481.0,8724.0,45869.0
2015-10-14 00:00:00,7650.0,17693.0,14165.0,5664.0,5331.0,8446.0,45171.0
2015-10-14 01:00:00,7749.0,17825.0,14240.0,5794.0,5211.0,8343.0,45608.0
2015-10-14 02:00:00,8074.0,18398.0,14661.0,6033.0,5390.0,8416.0,47166.0
2015-10-14 03:00:00,8661.0,19381.0,15960.0,6575.0,6074.0,8865.0,50577.0
2015-10-14 04:00:00,9971.0,22113.0,18858.0,7804.0,7234.0,10341.0,58746.0
2015-10-14 05:00:00,11135.0,24387.0,21293.0,8873.0,8204.0,12791.0,65689.0
2015-10-14 06:00:00,11616.0,25333.0,22247.0,9163.0,8463.0,14134.0,68359.0
2015-10-14 07:00:00,11461.0,25610.0,22396.0,9274.0,8492.0,14650.0,68740.0
2015-10-14 08:00:00,11568.0,25987.0,22782.0,9497.0,8552.0,14811.0,69834.0
2015-10-14 09:00:00,11583.0,26359.0,23084.0,9637.0,8594.0,14876.0,70663.0
2015-10-14 10:00:00,11566.0,26456.0,22770.0,9407.0,8329.0,14690.0,70198.0
2015-10-14 11:00:00,11092.0,26145.0,22443.0,9302.0,8329.0,14820.0,68982.0
2015-10-14 12:00:00,11278.0,25684.0,22063.0,9104.0,8212.0,14757.0,68128.0
2015-10-14 13:00:00,11292.0,25353.0,21769.0,8982.0,8125.0,14632.0,67397.0
2015-10-14 14:00:00,11017.0,24945.0,21227.0,8674.0,8037.0,14659.0,65862.0
2015-10-14 15:00:00,11050.0,24740.0,21350.0,8472.0,8142.0,14811.0,65612.0
2015-10-14 16:00:00,11435.0,25202.0,21957.0,8653.0,8371.0,14478.0,67248.0
2015-10-14 17:00:00,11433.0,25518.0,21992.0,8878.0,8158.0,14613.0,67822.0
2015-10-14 18:00:00,10908.0,24070.0,20432.0,8358.0,7579.0,13794.0,63767.0
2015-10-14 19:00:00,10071.0,22764.0,18922.0,7868.0,7012.0,12732.0,59624.0
2015-10-14 20:00:00,9340.0,21344.0,17895.0,7329.0,6706.0,11532.0,55907.0
2015-10-14 21:00:00,8604.0,19590.0,16215.0,6728.0,6175.0,10488.0,51137.0
2015-10-14 22:00:00,7957.0,18312.0,15053.0,6212.0,5764.0,9228.0,47534.0
2015-10-14 23:00:00,7592.0,17720.0,14452.0,5846.0,5483.0,8604.0,45611.0
2015-10-15 00:00:00,7478.0,17537.0,14144.0,5682.0,5366.0,8313.0,44842.0
2015-10-15 01:00:00,7520.0,17705.0,14152.0,5690.0,5237.0,8223.0,45066.0
2015-10-15 02:00:00,7808.0,18291.0,14600.0,5857.0,5388.0,8290.0,46555.0
2015-10-15 03:00:00,8663.0,19390.0,15884.0,6270.0,6093.0,8737.0,50206.0
2015-10-15 04:00:00,10062.0,22020.0,18821.0,7620.0,7250.0,10208.0,58522.0
2015-10-15 05:00:00,11225.0,24216.0,21260.0,8671.0,8188.0,12665.0,65372.0
2015-10-15 06:00:00,11722.0,25036.0,22151.0,9024.0,8469.0,13994.0,67932.0
2015-10-15 07:00:00,11767.0,25399.0,22375.0,9119.0,8506.0,14554.0,68660.0
2015-10-15 08:00:00,11794.0,26002.0,22797.0,9339.0,8564.0,14745.0,69932.0
2015-10-15 09:00:00,11860.0,26394.0,23145.0,9487.0,8595.0,14774.0,70886.0
2015-10-15 10:00:00,11660.0,26273.0,22917.0,9371.0,8399.0,14559.0,70220.0
2015-10-15 11:00:00,11395.0,25981.0,22668.0,9285.0,8336.0,14607.0,69328.0
2015-10-15 12:00:00,11353.0,25514.0,22297.0,9140.0,8247.0,14506.0,68304.0
2015-10-15 13:00:00,11179.0,25149.0,21931.0,9058.0,8272.0,14444.0,67316.0
2015-10-15 14:00:00,10862.0,24620.0,21557.0,8771.0,8214.0,14508.0,65810.0
2015-10-15 15:00:00,11080.0,24734.0,21802.0,8647.0,8303.0,14668.0,66264.0
2015-10-15 16:00:00,11581.0,25218.0,22240.0,8793.0,8477.0,14404.0,67831.0
2015-10-15 17:00:00,11708.0,25369.0,22089.0,8902.0,8238.0,14512.0,68069.0
2015-10-15 18:00:00,10953.0,24253.0,20485.0,8418.0,7737.0,13734.0,64110.0
2015-10-15 19:00:00,10038.0,22963.0,19020.0,7929.0,7083.0,12537.0,59950.0
2015-10-15 20:00:00,9232.0,21443.0,17976.0,7409.0,6738.0,11361.0,56060.0
2015-10-15 21:00:00,8527.0,19684.0,16448.0,6832.0,6222.0,10313.0,51491.0
2015-10-15 22:00:00,7938.0,18340.0,15286.0,6313.0,5832.0,9525.0,47877.0
2015-10-15 23:00:00,7561.0,17681.0,14567.0,5940.0,5534.0,8864.0,45749.0
2015-10-16 00:00:00,7358.0,17418.0,14149.0,5794.0,5395.0,8550.0,44720.0
2015-10-16 01:00:00,7501.0,17544.0,14207.0,5839.0,5259.0,8441.0,45091.0
2015-10-16 02:00:00,7954.0,17987.0,14613.0,6071.0,5383.0,8515.0,46626.0
2015-10-16 03:00:00,8666.0,19213.0,15871.0,6517.0,6074.0,8945.0,50267.0
2015-10-16 04:00:00,9931.0,21917.0,18655.0,7748.0,7236.0,10343.0,58250.0
2015-10-16 05:00:00,11181.0,24175.0,21064.0,8762.0,8136.0,12712.0,65181.0
2015-10-16 06:00:00,11547.0,25055.0,22069.0,9124.0,8444.0,14166.0,67796.0
2015-10-16 07:00:00,11661.0,25281.0,22272.0,9295.0,8478.0,14727.0,68509.0
2015-10-16 08:00:00,11891.0,25754.0,22632.0,9478.0,8548.0,14843.0,69755.0
2015-10-16 09:00:00,11982.0,25926.0,22752.0,9555.0,8521.0,14938.0,70216.0
2015-10-16 10:00:00,6582.0,25612.0,22313.0,9328.0,8238.0,14706.0,63835.0
2015-10-16 11:00:00,11327.0,25121.0,21685.0,9122.0,7986.0,14670.0,67255.0
2015-10-16 12:00:00,11155.0,24525.0,21130.0,8843.0,7803.0,14532.0,65653.0
2015-10-16 13:00:00,10853.0,24235.0,20772.0,8611.0,7688.0,14307.0,64472.0
2015-10-16 14:00:00,10798.0,23743.0,20582.0,8312.0,7688.0,14210.0,63435.0
2015-10-16 15:00:00,11053.0,23875.0,20896.0,8178.0,7840.0,14338.0,64001.0
2015-10-16 16:00:00,11435.0,24368.0,21444.0,8403.0,8072.0,14097.0,65651.0
2015-10-16 17:00:00,11481.0,24437.0,21139.0,8534.0,7896.0,14092.0,65591.0
2015-10-16 18:00:00,10666.0,23037.0,19559.0,7985.0,7309.0,13286.0,61247.0
2015-10-16 19:00:00,9745.0,21728.0,18248.0,7521.0,6706.0,12230.0,57242.0
2015-10-16 20:00:00,9111.0,20400.0,17475.0,7082.0,6479.0,11241.0,54069.0
2015-10-16 21:00:00,8472.0,18754.0,16076.0,6558.0,6030.0,10426.0,49860.0
2015-10-16 22:00:00,7761.0,17661.0,14900.0,6079.0,5662.0,9160.0,46401.0
2015-10-16 23:00:00,7379.0,17000.0,14006.0,5763.0,5365.0,8472.0,44148.0
2015-10-17 00:00:00,7146.0,16516.0,13497.0,5515.0,5221.0,8076.0,42674.0
2015-10-17 01:00:00,7223.0,16399.0,13337.0,5475.0,5032.0,7888.0,42435.0
2015-10-17 02:00:00,7340.0,16461.0,13381.0,5531.0,5032.0,7857.0,42713.0
2015-10-17 03:00:00,7432.0,16492.0,13640.0,5489.0,5275.0,7960.0,43054.0
2015-10-17 04:00:00,7607.0,17007.0,14211.0,5675.0,5687.0,8443.0,44501.0
2015-10-17 05:00:00,8263.0,18200.0,15428.0,6063.0,6237.0,9398.0,47952.0
2015-10-17 06:00:00,8976.0,19523.0,16624.0,6466.0,6559.0,10400.0,51589.0
2015-10-17 07:00:00,9587.0,20605.0,17548.0,6973.0,6872.0,11442.0,54712.0
2015-10-17 08:00:00,10049.0,21459.0,18029.0,7074.0,6986.0,11916.0,56611.0
2015-10-17 09:00:00,10491.0,21685.0,18339.0,7064.0,6993.0,12068.0,57578.0
2015-10-17 10:00:00,10162.0,21473.0,17971.0,7162.0,6788.0,11957.0,56768.0
2015-10-17 11:00:00,9625.0,20924.0,17368.0,6794.0,6604.0,11728.0,54710.0
2015-10-17 12:00:00,9259.0,20434.0,16778.0,6480.0,6487.0,11462.0,52951.0
2015-10-17 13:00:00,9091.0,20247.0,16581.0,6374.0,6392.0,11267.0,52293.0
2015-10-17 14:00:00,9105.0,19963.0,16592.0,6350.0,6421.0,11339.0,52010.0
2015-10-17 15:00:00,9469.0,20213.0,17236.0,6466.0,6610.0,11821.0,53384.0
2015-10-17 16:00:00,10160.0,20952.0,18240.0,6827.0,6901.0,12034.0,56178.0
2015-10-17 17:00:00,9955.0,21049.0,18232.0,6892.0,6733.0,12157.0,56128.0
2015-10-17 18:00:00,9164.0,19822.0,16889.0,6418.0,6329.0,11556.0,52293.0
2015-10-17 19:00:00,8463.0,19061.0,15829.0,6129.0,5878.0,10792.0,49483.0
2015-10-17 20:00:00,8117.0,18643.0,15452.0,5973.0,5847.0,10116.0,48185.0
2015-10-17 21:00:00,7668.0,17550.0,14363.0,5600.0,5538.0,9365.0,45181.0
2015-10-17 22:00:00,7067.0,16243.0,13371.0,5206.0,5190.0,8810.0,41887.0
2015-10-17 23:00:00,6620.0,15387.0,12557.0,4879.0,4898.0,8156.0,39443.0
2015-10-18 00:00:00,6492.0,14986.0,12130.0,4621.0,4779.0,7816.0,38228.0
2015-10-18 01:00:00,6498.0,14947.0,11996.0,4586.0,4588.0,7663.0,38028.0
2015-10-18 02:00:00,6620.0,15098.0,11998.0,4711.0,4567.0,7621.0,38428.0
2015-10-18 03:00:00,6652.0,15043.0,12112.0,4686.0,4707.0,7662.0,38493.0
2015-10-18 04:00:00,6641.0,14922.0,12258.0,4644.0,4983.0,7896.0,38465.0
2015-10-18 05:00:00,7005.0,15457.0,13017.0,4822.0,5363.0,8472.0,40302.0
